smiles,logP,qed,SAS,iupac
"C=CCc1ccccc1OC(C)=O
",2.3404,0.401613492087,1.9437243653934413,(2-prop-2-enylphenyl) acetate
"C[C@@H](c1nccs1)N(C)C(=O)c1cccc(NC(=O)C2CCCC2)c1
",4.105,0.843003143785,2.639229713379857,"3-(cyclopentanecarbonylamino)-N-methyl-N-[(1S)-1-(1,3-thiazol-2-yl)ethyl]benzamide"
"CC[C@H](COC)NC(=O)c1cc2c(C)nn(-c3ccccc3)c2s1
",3.5502199999999995,0.726807540167,2.7375010332804184,"N-[(2R)-1-methoxybutan-2-yl]-3-methyl-1-phenylthieno[3,2-d]pyrazole-5-carboxamide"
"Cc1cc(NC(=O)N2CCC[C@@H]2Cc2ccccc2Cl)no1
",3.87542,0.903595259914,2.6770703841500723,"(2R)-2-[(2-chlorophenyl)methyl]-N-(5-methyl-1,2-oxazol-3-yl)pyrrolidine-1-carboxamide"
"Cc1cc(CN(C)c2ccc(S(=O)(=O)N3CCOCC3)cc2[N+](=O)[O-])no1
",1.54852,0.5377505909120001,2.5193973464534056,"N-methyl-N-[(5-methyl-1,2-oxazol-3-yl)methyl]-4-morpholin-4-ylsulfonyl-2-nitroaniline"
"CCNS(=O)(=O)c1ccc(Cl)c(N)c1
",1.2204,0.782181756368,1.983397841409392,3-amino-4-chloro-N-ethylbenzenesulfonamide
"CN(C)C(=O)N(Cc1ccc(OS(=O)(=O)c2ccc(F)cc2)cc1)C1CC1
",3.2394,0.69688253392,2.274320348532408,[4-[[cyclopropyl(dimethylcarbamoyl)amino]methyl]phenyl] 4-fluorobenzenesulfonate
"COc1ccc(-c2nnc(S[C@H]3CCOC3=O)n2-c2ccccc2)cc1
",3.3505,0.632479233156,2.6520627223263378,"(3S)-3-[[5-(4-methoxyphenyl)-4-phenyl-1,2,4-triazol-3-yl]sulfanyl]oxolan-2-one"
"CC(C)n1nc(CC(=O)Nc2cccc3c2ccn3C(C)C)c2ccccc2c1=O
",4.6942,0.502968186474,2.4934976591118168,2-(4-oxo-3-propan-2-ylphthalazin-1-yl)-N-(1-propan-2-ylindol-4-yl)acetamide
"CC(C)(C)Oc1cccc(-c2cc(=O)n3nccc3[nH]2)c1
",2.8669,0.780426187594,2.775157049376107,"5-[3-[(2-methylpropan-2-yl)oxy]phenyl]-1H-pyrazolo[1,5-a]pyrimidin-7-one"
"O=S(=O)(Nc1ncn(Cc2ccc(Cl)c(Cl)c2)n1)c1ccc(Cl)cc1
",4.0874,0.652908620292,2.162807719693125,"4-chloro-N-[1-[(3,4-dichlorophenyl)methyl]-1,2,4-triazol-3-yl]benzenesulfonamide"
"O=Cc1ccc(-c2ccc(Cl)c(Br)c2)s1
",4.6435,0.7056244405959999,2.4102737781445764,5-(3-bromo-4-chlorophenyl)thiophene-2-carbaldehyde
"COCc1c(C(=O)N(C)C[C@@H]2CCC[NH+](C)C2)cnn1-c1ncc(C)c(-c2cccs2)n1
",1.84232,0.592273234992,4.3279690249240925,5-(methoxymethyl)-N-methyl-N-[[(3S)-1-methylpiperidin-1-ium-3-yl]methyl]-1-(5-methyl-4-thiophen-2-ylpyrimidin-2-yl)pyrazole-4-carboxamide
"Cc1ccccc1Cn1c(=O)c2c(nc3n(CCO)c(C)cn23)n(C)c1=O
",0.80684,0.58761094987,2.598704423376484,"6-(2-hydroxyethyl)-4,7-dimethyl-2-[(2-methylphenyl)methyl]purino[7,8-a]imidazole-1,3-dione"
"CC(C)Cc1ccc([C@@H](C)C(=O)N[C@H](C(=O)[O-])C(C)C)cc1
",1.8793,0.841219214376,3.153839789451117,(2S)-3-methyl-2-[[(2R)-2-[4-(2-methylpropyl)phenyl]propanoyl]amino]butanoate
"COc1cccc(C(=O)NC2CCN(C(=S)Nc3cc(C)ccc3C)CC2)c1
",3.90324,0.741285371514,2.039491478450394,"N-[1-[(2,5-dimethylphenyl)carbamothioyl]piperidin-4-yl]-3-methoxybenzamide"
"Cc1ccc(NC(=O)[C@H]2CCCN(S(=O)(=O)c3ccccc3)C2)c(OCc2ccccc2)c1
",4.61342,0.5294251811399999,2.44980176813934,(3S)-1-(benzenesulfonyl)-N-(4-methyl-2-phenylmethoxyphenyl)piperidine-3-carboxamide
"Cc1ccc(C(=O)Nc2ccc(N3CCCC3=O)cc2)cc1[N+](=O)[O-]
",3.28232,0.67160956835,1.9375189284843333,4-methyl-3-nitro-N-[4-(2-oxopyrrolidin-1-yl)phenyl]benzamide
"CC1(C)C[C@@H]2C[C@@](C)(CN2c2ncnc(NNC(=O)c3ccncc3)c2N)C1
",2.6157,0.696413449368,4.249638361043111,"N'-[5-amino-6-[(1S,5R)-1,3,3-trimethyl-6-azabicyclo[3.2.1]octan-6-yl]pyrimidin-4-yl]pyridine-4-carbohydrazide"
"O=S(=O)(c1ccc(S(=O)(=O)N2CCC[NH+](Cc3ccc(F)cc3)CC2)cc1)N1CCCC1
",1.0897,0.67758379973,3.4747750415486003,"1-[(4-fluorophenyl)methyl]-4-(4-pyrrolidin-1-ylsulfonylphenyl)sulfonyl-1,4-diazepan-1-ium"
"O=c1c2cc(Cl)c(Br)cc2ncn1C[C@@H](O)CNc1ccc(Cl)cc1
",3.9388,0.6062609498179999,2.824481779623474,7-bromo-6-chloro-3-[(2S)-3-(4-chloroanilino)-2-hydroxypropyl]quinazolin-4-one
"CC[C@H](C)n1cnc2sc(C(C)=O)c(C)c2c1=O
",2.94002,0.793555135369,2.949713689218965,"6-acetyl-3-[(2S)-butan-2-yl]-5-methylthieno[2,3-d]pyrimidin-4-one"
"O=C(Cn1cnc(S(=O)(=O)N2CCCC2)c1)Nc1cccc2c1CCCC2
",2.1851,0.8535177584379999,2.476259689648672,"2-(4-pyrrolidin-1-ylsulfonylimidazol-1-yl)-N-(5,6,7,8-tetrahydronaphthalen-1-yl)acetamide"
"C[NH+]1CCN(Cc2ccc(OC3CCCC3)cc2)C[C@@H]1CCO
",1.0893,0.835062051012,3.900491590645376,2-[(2S)-4-[(4-cyclopentyloxyphenyl)methyl]-1-methylpiperazin-1-ium-2-yl]ethanol
"N#C/C(=C\c1cc(Br)cs1)C(=O)Nc1cc2c(cc1[N+](=O)[O-])OCCO2
",3.73568,0.328426222829,2.7728117866185613,"(E)-3-(4-bromothiophen-2-yl)-2-cyano-N-(6-nitro-2,3-dihydro-1,4-benzodioxin-7-yl)prop-2-enamide"
"COC(=O)c1ccc(-c2ccc(/C=N\Nc3ccc([N+](=O)[O-])cn3)o2)cc1
",3.4824,0.299995248671,2.349242645154704,methyl 4-[5-[(Z)-[(5-nitro-2-pyridinyl)hydrazinylidene]methyl]furan-2-yl]benzoate
"C[C@@H](NC(=O)[C@@H]1CSCN1C(=O)CC(C)(C)C)c1ccccn1
",2.5965,0.916101617078,3.2665076641241337,"(4R)-3-(3,3-dimethylbutanoyl)-N-[(1R)-1-pyridin-2-ylethyl]-1,3-thiazolidine-4-carboxamide"
"Cc1ccc([C@H]2CC(=O)Nc3c2cnn3-c2ccc(C)cc2)cc1
",3.96324,0.7505891202959999,2.823690389959543,"(4R)-1,4-bis(4-methylphenyl)-5,7-dihydro-4H-pyrazolo[5,4-b]pyridin-6-one"
"C[NH+](CCOc1ccccc1)CC(=O)N1CCN(S(C)(=O)=O)CC1
",-1.3161,0.6953126990549999,3.409752407630388,methyl-[2-(4-methylsulfonylpiperazin-1-yl)-2-oxoethyl]-(2-phenoxyethyl)azanium
"N#Cc1ccccc1CSc1nnnn1-c1ccc(O)cc1
",2.53188,0.743881096927,2.185574559109833,2-[[1-(4-hydroxyphenyl)tetrazol-5-yl]sulfanylmethyl]benzonitrile
"C[C@H]1C=[N+]2C(=N)/C(=C/c3ccc(OC(=O)c4ccc(F)cc4)c(Br)c3)C(=O)N=C2S1
",4.28287,0.290947616447,3.56981721354766,"[2-bromo-4-[(Z)-[(2S)-5-imino-2-methyl-7-oxo-2H-[1,3]thiazolo[3,2-a]pyrimidin-4-ium-6-ylidene]methyl]phenyl] 4-fluorobenzoate"
"Cc1cc(C)c2c(CNC(=O)c3ccccc3Br)cc(=O)oc2c1
",4.10234,0.663930681586,2.163697557147307,"2-bromo-N-[(5,7-dimethyl-2-oxochromen-4-yl)methyl]benzamide"
"COc1cc(C(=O)N(C)Cc2ccc(Cl)s2)ccc1OCc1cscn1
",4.7178,0.5421870058380001,2.385646745180916,"N-[(5-chlorothiophen-2-yl)methyl]-3-methoxy-N-methyl-4-(1,3-thiazol-4-ylmethoxy)benzamide"
"COc1ccc([C@@H]2Oc3ccc(C)cc3C3=Nc4ncnn4[C@@H](c4cccs4)[C@@H]32)cc1OC
",5.13892,0.407023587124,3.6977534372368366,"(9R,10S,11R)-9-(3,4-dimethoxyphenyl)-4-methyl-11-thiophen-2-yl-8-oxa-12,13,15,17-tetrazatetracyclo[8.7.0.02,7.012,16]heptadeca-1(17),2(7),3,5,13,15-hexaene"
"CCCCN(CC)C(=O)CNC(=O)c1ccc2c(c1)OCO2
",1.7937,0.8397056940880001,2.0808427120254667,"N-[2-[butyl(ethyl)amino]-2-oxoethyl]-1,3-benzodioxole-5-carboxamide"
"CCc1cc(N2CCC(CC(=O)NC)CC2)n2nc(C)c(C)c2n1
",2.26104,0.936491426783,2.7007113344148177,"2-[1-(5-ethyl-2,3-dimethylpyrazolo[1,5-a]pyrimidin-7-yl)piperidin-4-yl]-N-methylacetamide"
"CC(=O)c1sc(NN=Cc2ccccc2O)nc1C
",2.80572,0.50765526442,2.3738701336551404,"1-[2-[2-[(2-hydroxyphenyl)methylidene]hydrazinyl]-4-methyl-1,3-thiazol-5-yl]ethanone"
"CC(=O)Nc1ccc(C(C)=O)cc1OCc1ccc(Br)cc1
",4.1891,0.779971588145,1.7957215917390883,N-[4-acetyl-2-[(4-bromophenyl)methoxy]phenyl]acetamide
"CC[C@H](NC(=O)NCC(=O)NCc1ccco1)c1ccc(Cl)cc1
",2.9997,0.7106972627339999,2.5194180016062084,2-[[(1S)-1-(4-chlorophenyl)propyl]carbamoylamino]-N-(furan-2-ylmethyl)acetamide
"Cc1cc(C)c(-c2ccc([C@H](O)CN3CCOCC3)cc2)c(C)c1
",3.64446,0.906822095189,2.523195150927476,"(1S)-2-morpholin-4-yl-1-[4-(2,4,6-trimethylphenyl)phenyl]ethanol"
"Cc1ccc(OCC(=O)Oc2ccc(C(=O)Nc3ccccc3)cc2)cc1
",4.23172,0.505885819062,1.652491642311395,[4-(phenylcarbamoyl)phenyl] 2-(4-methylphenoxy)acetate
"Cc1ccc(C)c(S(=O)(=O)NC[C@H]2COc3ccccc3O2)c1
",2.42174,0.933163791691,2.556693258094376,"N-[[(3S)-2,3-dihydro-1,4-benzodioxin-3-yl]methyl]-2,5-dimethylbenzenesulfonamide"
"O=C(NC[C@H](O)c1ccc(F)cc1)c1ccc(N2CCCC2=O)cc1
",2.4159,0.876746220902,2.3865413060125764,N-[(2R)-2-(4-fluorophenyl)-2-hydroxyethyl]-4-(2-oxopyrrolidin-1-yl)benzamide
"O=C([O-])c1cccnc1-c1ccccn1
",0.5071,0.720409872482,2.502948861201056,2-pyridin-2-ylpyridine-3-carboxylate
"COC(=O)c1c(N)c2cc(F)ccc2n1C
",1.6862,0.752769007035,2.2693534842928766,methyl 3-amino-5-fluoro-1-methylindole-2-carboxylate
"Cc1ccc(CC(=O)Nc2nnc(-c3ccno3)o2)cc1
",2.21422,0.79113824037,2.3635374413653345,"2-(4-methylphenyl)-N-[5-(1,2-oxazol-5-yl)-1,3,4-oxadiazol-2-yl]acetamide"
"NNC(=O)COc1ccc(-c2n[nH]c(C(F)(F)F)c2-c2ccc(Cl)cc2)c(O)c1
",3.4902,0.276907594197,2.643744152290457,2-[4-[4-(4-chlorophenyl)-5-(trifluoromethyl)-1H-pyrazol-3-yl]-3-hydroxyphenoxy]acetohydrazide
"Cc1cc(OCC(=O)c2ccccc2)cc2c1C(=O)/C(=C/c1cccc(F)c1)O2
",5.01202,0.436422340111,2.337482159704729,(2Z)-2-[(3-fluorophenyl)methylidene]-4-methyl-6-phenacyloxy-1-benzofuran-3-one
"Cc1ccc(/C=C/C(=O)N2CCC3(CC2)OCCO3)o1
",1.96672,0.779740072577,3.0746875665760487,"(E)-1-(1,4-dioxa-8-azaspiro[4.5]decan-8-yl)-3-(5-methylfuran-2-yl)prop-2-en-1-one"
"O=C(NC1CC1)C(=O)N1CCN(c2ccc(F)cc2)CC1
",0.7529,0.8320863460860001,1.9477953805364727,N-cyclopropyl-2-[4-(4-fluorophenyl)piperazin-1-yl]-2-oxoacetamide
"Cc1nn(-c2ccc(F)c(F)c2)c2ncc3c(c12)C(=O)N(c1cccc2ccccc12)C3=O
",4.96092,0.348631345075,2.508433025758185,"5-(3,4-difluorophenyl)-3-methyl-11-naphthalen-1-yl-4,5,7,11-tetrazatricyclo[7.3.0.02,6]dodeca-1,3,6,8-tetraene-10,12-dione"
"COc1cccc2c1OCC/C2=N\NC(=O)COc1ccccc1C
",2.68542,0.846299227491,2.3178531592535645,"N-[(E)-(8-methoxy-2,3-dihydrochromen-4-ylidene)amino]-2-(2-methylphenoxy)acetamide"
"CC(C)CCNC(=O)Cc1cn(Cc2ccc(F)cc2)c2ccccc12
",4.5335,0.636532952996,2.0191951859293567,2-[1-[(4-fluorophenyl)methyl]indol-3-yl]-N-(3-methylbutyl)acetamide
"Cc1cc(NC(=O)[C@@H](C)SCC(=O)Nc2cccc(C(F)(F)F)c2)no1
",3.70072,0.767681615246,2.696173730480528,"(2R)-N-(5-methyl-1,2-oxazol-3-yl)-2-[2-oxo-2-[3-(trifluoromethyl)anilino]ethyl]sulfanylpropanamide"
"Cc1cc(C=O)c(O)c([N+](=O)[O-])c1
",1.42132,0.429066531056,2.3254718767056595,2-hydroxy-5-methyl-3-nitrobenzaldehyde
"Cc1ccc(NC(=O)COC(=O)/C(C#N)=C/c2ccccc2)c(Br)c1
",3.8464,0.45590808614,2.1159187087041147,[2-(2-bromo-4-methylanilino)-2-oxoethyl] (E)-2-cyano-3-phenylprop-2-enoate
"Cc1ccccc1Cn1c(CNC(=O)CCc2ccccc2)nc2ccccc21
",4.64202,0.482852564382,1.9274325233311809,N-[[1-[(2-methylphenyl)methyl]benzimidazol-2-yl]methyl]-3-phenylpropanamide
"Cc1cc2c(F)c(F)c(F)c(F)c2[nH]1
",3.03272,0.380260461629,2.7400190472305983,"4,5,6,7-tetrafluoro-2-methyl-1H-indole"
"COc1ccc(-c2ccc(OCCNC(=O)c3cc4ccccc4oc3=O)nn2)cc1
",3.0674,0.35970522077,2.239116011294705,N-[2-[6-(4-methoxyphenyl)pyridazin-3-yl]oxyethyl]-2-oxochromene-3-carboxamide
"CNc1cncc([C@@H]2CCCN2S(=O)(=O)c2cn[nH]c2)n1
",0.7672,0.878619698749,3.417516691351528,N-methyl-6-[(2S)-1-(1H-pyrazol-4-ylsulfonyl)pyrrolidin-2-yl]pyrazin-2-amine
"O=C1C[C@@H](c2cccc(Oc3ccccc3)c2)c2cc3c(cc2N1)OCO3
",4.6817,0.704858524052,2.716682878911227,"(8S)-8-(3-phenoxyphenyl)-7,8-dihydro-5H-[1,3]dioxolo[4,5-g]quinolin-6-one"
"Cc1cc(C(=O)COC(=O)c2cc(Cl)c3c(c2)OCCCO3)c(C)n1C1CC1
",4.29424,0.527218400636,2.4946377221774565,"[2-(1-cyclopropyl-2,5-dimethylpyrrol-3-yl)-2-oxoethyl] 6-chloro-3,4-dihydro-2H-1,5-benzodioxepine-8-carboxylate"
"O=C(CN(C1CCCCC1)S(=O)(=O)c1ccc(Cl)cc1)N1CCN(c2ccccc2F)CC1
",4.1513,0.58279265328,2.2781243514537657,4-chloro-N-cyclohexyl-N-[2-[4-(2-fluorophenyl)piperazin-1-yl]-2-oxoethyl]benzenesulfonamide
"CCCC[NH2+][C@@H](C)[C@@H]1COc2ccccc2O1
",1.5784,0.794842673621,3.985079370950042,"butyl-[(1S)-1-[(3R)-2,3-dihydro-1,4-benzodioxin-3-yl]ethyl]azanium"
"CCCN1CC(=O)N2[C@@H](Cc3c([nH]c4ccccc34)[C@H]2c2ccc(Cl)cc2)C1=O
",3.9162,0.6912624384360001,3.150209086999608,"(2R,8S)-2-(4-chlorophenyl)-6-propyl-3,6,17-triazatetracyclo[8.7.0.03,8.011,16]heptadeca-1(10),11,13,15-tetraene-4,7-dione"
"CCC1CCC(C(=O)c2cscc2C)CC1
",4.45562,0.677683457812,2.5551053984252565,(4-ethylcyclohexyl)-(4-methylthiophen-3-yl)methanone
"CCOC(=O)C1CCN(C(=O)[C@@H]2CCCc3sc(NC(=O)c4ccc5c(c4)OCO5)nc32)CC1
",3.3457,0.635453636657,3.0376659529813086,"ethyl 1-[(4R)-2-(1,3-benzodioxole-5-carbonylamino)-4,5,6,7-tetrahydro-1,3-benzothiazole-4-carbonyl]piperidine-4-carboxylate"
"Cc1ccc(OCC(=O)NNC(=O)c2ccc(NC(=O)C(C)C)cc2)cc1
",2.42952,0.681437166482,1.8159518079918675,2-methyl-N-[4-[[[2-(4-methylphenoxy)acetyl]amino]carbamoyl]phenyl]propanamide
"C=C(C)COc1ccc(-c2[nH]ncc2-c2ccc(OC)c(OC)c2)c(O)c1
",4.4214,0.5794493783829999,2.4407111845100857,"2-[4-(3,4-dimethoxyphenyl)-1H-pyrazol-5-yl]-5-(2-methylprop-2-enoxy)phenol"
"COc1ccc(OCC(=O)N[C@@H](C)c2ccc(F)c(F)c2)cc1
",3.2296,0.874548385681,2.179024334277809,"N-[(1S)-1-(3,4-difluorophenyl)ethyl]-2-(4-methoxyphenoxy)acetamide"
"CC(C)Oc1ccc(CNC(=O)NCc2ccc3c(c2)OCO3)cc1F
",3.341,0.8137754937289999,2.11438000921418,"1-(1,3-benzodioxol-5-ylmethyl)-3-[(3-fluoro-4-propan-2-yloxyphenyl)methyl]urea"
"CCn1nc(C(=O)O[C@@H](C)c2nc3ccccc3c(=O)[nH]2)c2ccccc2c1=O
",2.5709,0.535641939837,2.841647729776419,[(1S)-1-(4-oxo-3H-quinazolin-2-yl)ethyl] 3-ethyl-4-oxophthalazine-1-carboxylate
"C[C@@H](Sc1nnc(-c2ccc(Cl)cc2)n1C[C@H]1CCCO1)C(=O)N(C)C
",3.3463,0.689941019058,3.0162205629111174,"(2R)-2-[[5-(4-chlorophenyl)-4-[[(2R)-oxolan-2-yl]methyl]-1,2,4-triazol-3-yl]sulfanyl]-N,N-dimethylpropanamide"
"COCc1cccc(CNC(=O)Cn2ccccc2=O)c1
",1.3111,0.880549733999,1.947927466586016,N-[[3-(methoxymethyl)phenyl]methyl]-2-(2-oxo-1-pyridinyl)acetamide
"O=C(NCc1ccccc1F)c1ccc(CN2C(=O)CCC2=O)cc1
",2.4047,0.8503979003859999,1.8931710628288627,"4-[(2,5-dioxopyrrolidin-1-yl)methyl]-N-[(2-fluorophenyl)methyl]benzamide"
"CC(C)(C)NC(=O)N1CCC(CNC(=O)c2cccc(Br)c2)CC1
",3.399,0.806561178791,2.1161698669270823,4-[[(3-bromobenzoyl)amino]methyl]-N-tert-butylpiperidine-1-carboxamide
"C[C@@H](c1ccc(-n2cncn2)cc1)N(C)C(=O)NCCCn1ccc2ccccc21
",4.0147,0.458051832519,2.890151639466568,"3-(3-indol-1-ylpropyl)-1-methyl-1-[(1S)-1-[4-(1,2,4-triazol-1-yl)phenyl]ethyl]urea"
"O=c1c(=O)n(-c2ccc(Br)cc2)ccn1Cc1ccccc1Cl
",3.4634,0.628019515839,2.1323480569975017,"1-(4-bromophenyl)-4-[(2-chlorophenyl)methyl]pyrazine-2,3-dione"
"C=C(C)COc1ccc(C(=O)Nc2cccc(N(C)C(C)=O)c2)cc1
",3.8765,0.787098922905,2.0469830087518943,N-[3-[acetyl(methyl)amino]phenyl]-4-(2-methylprop-2-enoxy)benzamide
"C[C@H](NC(=O)CN1C(=O)[C@H]2CCCC[C@@H]2C1=O)c1ccccc1
",2.039,0.869002201645,2.858727926646872,"2-[(3aS,7aS)-1,3-dioxo-3a,4,5,6,7,7a-hexahydroisoindol-2-yl]-N-[(1S)-1-phenylethyl]acetamide"
"COc1ccc(C)c2sc(NC(=O)c3cccc(NS(=O)(=O)c4ccccc4)c3)nc12
",4.66642,0.422689921278,2.1192738084975016,"3-(benzenesulfonamido)-N-(4-methoxy-7-methyl-1,3-benzothiazol-2-yl)benzamide"
"Cc1ccc(C(=O)N(C)Cc2ccncc2)c(F)c1
",2.80132,0.842442076391,1.9000991612313385,"2-fluoro-N,4-dimethyl-N-(pyridin-4-ylmethyl)benzamide"
"CN(C)c1ccc(/C=C2\N=C(c3cccc([N+](=O)[O-])c3)OC2=O)cc1
",3.0053,0.366574400524,2.3220820054074114,"(4Z)-4-[[4-(dimethylamino)phenyl]methylidene]-2-(3-nitrophenyl)-1,3-oxazol-5-one"
"CO[C@H](CNCc1cn(C)nc1-c1cccc(Cl)c1)c1cccs1
",4.2793,0.654387964709,2.9821726642070363,(2R)-N-[[3-(3-chlorophenyl)-1-methylpyrazol-4-yl]methyl]-2-methoxy-2-thiophen-2-ylethanamine
"Cn1c(SCC(=O)N[C@@H](c2ccccc2)C2CC2)nnc1C1CC1
",3.0521,0.7767796871889999,2.690306010655984,"2-[(5-cyclopropyl-4-methyl-1,2,4-triazol-3-yl)sulfanyl]-N-[(R)-cyclopropyl(phenyl)methyl]acetamide"
"CS(=O)(=O)c1ccccc1C(=O)Nc1ccc(Cc2nc3ccccc3s2)cc1
",4.5429,0.4896737396100001,2.053747776016128,"N-[4-(1,3-benzothiazol-2-ylmethyl)phenyl]-2-methylsulfonylbenzamide"
"Cc1cccc(N2C(=O)C[C@@H](N(O)c3ccccc3)C2=O)c1C
",2.83114,0.69451830118,2.736264959277808,"(3R)-1-(2,3-dimethylphenyl)-3-(N-hydroxyanilino)pyrrolidine-2,5-dione"
"O=C(NC[C@@H]1CN(c2cccc(Cl)c2)C(=O)O1)c1ccccc1S(=O)(=O)C(F)F
",3.0915,0.729548313375,2.858617415517508,"N-[[(5R)-3-(3-chlorophenyl)-2-oxo-1,3-oxazolidin-5-yl]methyl]-2-(difluoromethylsulfonyl)benzamide"
"Cc1ccc(C(=O)N[C@@H]2[C@H]3CCC[C@H]3[C@H]2c2ccccc2)cn1
",3.70212,0.913033175955,3.3237241877031547,"6-methyl-N-[(1R,5S,6R,7S)-7-phenyl-6-bicyclo[3.2.0]heptanyl]pyridine-3-carboxamide"
"CC(C)CN(CC(C)C)C(=O)CSc1ncccc1N
",2.8965,0.779369775371,2.3919542569299,"2-[(3-amino-2-pyridinyl)sulfanyl]-N,N-bis(2-methylpropyl)acetamide"
"COc1ccc(F)cc1C(=O)COC(=O)c1csc(-c2ccc(C)cc2)n1
",4.30592,0.448066156239,2.0810409415951074,"[2-(5-fluoro-2-methoxyphenyl)-2-oxoethyl] 2-(4-methylphenyl)-1,3-thiazole-4-carboxylate"
"O=C(CCCNC(=O)N1CC(O)=Nc2ccccc21)Nc1ccc(Oc2ccccc2)cc1
",5.0154,0.427028269741,2.470596814628889,"3-oxo-N-[4-oxo-4-(4-phenoxyanilino)butyl]-2,4-dihydroquinoxaline-1-carboxamide"
"Cc1ccc(NC(=O)Cc2nc(-c3cccc(Br)c3)cs2)cc1
",5.06222,0.652254673839,1.923678933812996,"2-[4-(3-bromophenyl)-1,3-thiazol-2-yl]-N-(4-methylphenyl)acetamide"
"CC1CCN(S(=O)(=O)c2ccc3c(c2)[C@H]2C=CC[C@@H]2[C@H](c2cccnc2)N3)CC1
",4.3287,0.734813125036,3.5128705139093928,"(3aS,4R,9bS)-8-(4-methylpiperidin-1-yl)sulfonyl-4-pyridin-3-yl-3a,4,5,9b-tetrahydro-3H-cyclopenta[c]quinoline"
"CCC(=O)Nc1nc(-c2ccc3c(c2)NC(=O)CO3)c(C)s1
",2.79792,0.906260712705,2.400559337335641,"N-[5-methyl-4-(3-oxo-4H-1,4-benzoxazin-6-yl)-1,3-thiazol-2-yl]propanamide"
"C[NH+](C)CCCn1c(=O)[nH]c2sc3c(c2c1=[NH2+])CC(C)(C)OC3
",-1.5632,0.668125518508,4.395847465281526,"3-(3-amino-12,12-dimethyl-5-oxo-11-oxa-8-thia-6-aza-4-azoniatricyclo[7.4.0.02,7]trideca-1(9),2(7),3-trien-4-yl)propyl-dimethylazanium"
"COc1cc2c(cc1OC)[C@H](c1cc3cccc(C)c3[nH]c1=O)N(C(=O)N1CCOCC1)CC2
",3.25342,0.634289350993,3.0873293655628355,"3-[(1R)-6,7-dimethoxy-2-(morpholine-4-carbonyl)-3,4-dihydro-1H-isoquinolin-1-yl]-8-methyl-1H-quinolin-2-one"
"O=C(NCCCc1nc(-c2ccc(Br)o2)no1)C1CC1
",2.5509,0.8160144198989999,2.3626210585493315,"N-[3-[3-(5-bromofuran-2-yl)-1,2,4-oxadiazol-5-yl]propyl]cyclopropanecarboxamide"
"O=C(c1cc(Cl)c2c(c1)OCO2)N1CCCc2cc(F)ccc21
",3.8008,0.772261045527,2.2759292834633453,"(7-chloro-1,3-benzodioxol-5-yl)-(6-fluoro-3,4-dihydro-2H-quinolin-1-yl)methanone"
"CCCn1cnc2sc(C)c(C)c2c1=O
",2.48484,0.7813770276459999,2.1920693289352493,"5,6-dimethyl-3-propylthieno[2,3-d]pyrimidin-4-one"
"Cc1cccc(NC(=O)c2cccn(Cc3ccccc3F)c2=O)c1
",3.59642,0.771559787301,1.8912072491777268,1-[(2-fluorophenyl)methyl]-N-(3-methylphenyl)-2-oxopyridine-3-carboxamide
"CC1=C(c2ccc(C(C)C)cc2)S(=O)(=O)N=C1N1CCC(C(=O)N2CCOCC2)CC1
",2.8537,0.709627380002,2.62108036142733,"[1-[4-methyl-1,1-dioxo-5-(4-propan-2-ylphenyl)-1,2-thiazol-3-yl]piperidin-4-yl]-morpholin-4-ylmethanone"
"CNC(=O)NCCn1c(C)nc2cc(C(=O)N3CCCCCC3)ccc21
",2.28992,0.882634000442,2.2263523584865297,1-[2-[5-(azepane-1-carbonyl)-2-methylbenzimidazol-1-yl]ethyl]-3-methylurea
"Fc1cccc(OC[C@@H]2CO2)c1
",1.6033,0.6448925711969999,2.277853682100952,(2S)-2-[(3-fluorophenoxy)methyl]oxirane
"Cn1ccs/c1=N\C(=O)Nc1ccccc1
",2.2194,0.808346679914,2.2935588432413088,"1-(3-methyl-1,3-thiazol-2-ylidene)-3-phenylurea"
"CCn1cc(NC(=O)[C@H](C)n2cccn2)cn1
",1.2992,0.875051194001,2.7964081142983765,(2S)-N-(1-ethylpyrazol-4-yl)-2-pyrazol-1-ylpropanamide
"Cc1ccc(C)n1-c1c(C(=O)O[C@H]2CCS(=O)(=O)c3ccccc32)cnn1C
",2.90314,0.627329161339,3.4233354676530285,"[(4S)-1,1-dioxo-3,4-dihydro-2H-thiochromen-4-yl] 5-(2,5-dimethylpyrrol-1-yl)-1-methylpyrazole-4-carboxylate"
"N#Cc1ccsc1NC(=O)COC(=O)c1cnccn1
",1.20528,0.857862343767,2.352061544379291,[2-[(3-cyanothiophen-2-yl)amino]-2-oxoethyl] pyrazine-2-carboxylate
"O=c1oc2ccccc2cc1SCc1ccccc1
",4.0853,0.509567952259,1.932685207260782,3-benzylsulfanylchromen-2-one
"C/C(=C/c1ccc(SC#N)cc1)[N+](=O)[O-]
",2.89728,0.336948276441,2.790628428372397,[4-[(Z)-2-nitroprop-1-enyl]phenyl] thiocyanate
"Cc1ccccc1Cn1cc(NS(=O)(=O)c2ccc(Br)cc2)cn1
",3.80312,0.679842710232,2.0229389125873034,4-bromo-N-[1-[(2-methylphenyl)methyl]pyrazol-4-yl]benzenesulfonamide
"COc1ccc(S(=O)(=O)CCCC(=O)Nc2nc3c(s2)C[C@@H](C)CC3)cc1
",3.4691,0.741718446795,2.748071745307988,"4-(4-methoxyphenyl)sulfonyl-N-[(6S)-6-methyl-4,5,6,7-tetrahydro-1,3-benzothiazol-2-yl]butanamide"
"Nc1cc(NC(=O)CCN2CCOCC2=O)ccc1Cl
",1.1096,0.826068993471,2.241884201984844,N-(3-amino-4-chlorophenyl)-3-(3-oxomorpholin-4-yl)propanamide
"O=C(C[C@@H]([NH2+]Cc1ccccc1)C(=O)[O-])Nc1cccc(Cl)c1Cl
",1.2041,0.780766012305,3.5343987910976677,"(2R)-2-(benzylazaniumyl)-4-(2,3-dichloroanilino)-4-oxobutanoate"
"Cc1[nH]ncc1C(=O)N[C@H]1CCN(C(=O)C2CCCCC2)C1
",1.62912,0.898263061331,2.7276110434907306,N-[(3S)-1-(cyclohexanecarbonyl)pyrrolidin-3-yl]-5-methyl-1H-pyrazole-4-carboxamide
"COC(=O)c1ccccc1NC(=O)c1ccc(Cl)cc1I
",3.9835,0.588003491697,1.843148925471958,methyl 2-[(4-chloro-2-iodobenzoyl)amino]benzoate
"Cc1cc(F)c(N)cc1S(=O)(=O)NCCc1ncn[nH]1
",0.35542,0.7049807051800001,2.573604466720109,"5-amino-4-fluoro-2-methyl-N-[2-(1H-1,2,4-triazol-5-yl)ethyl]benzenesulfonamide"
"CC1CC[NH+](CC(=O)NCC(=O)Nc2ccc(F)c(F)c2F)CC1
",0.4734,0.694406818584,3.436904132661347,"2-[[2-(4-methylpiperidin-1-ium-1-yl)acetyl]amino]-N-(2,3,4-trifluorophenyl)acetamide"
"COc1cccc(NC(=O)C[NH+]2CCc3ccccc3C2)c1
",1.2749,0.902815151035,3.4511372454138094,"N-(3-methoxyphenyl)-2-(1,2,3,4-tetrahydroisoquinolin-2-ium-2-yl)acetamide"
"C[C@@]1(c2ccccc2F)NC(=O)N(Cc2cccc(C#N)c2)C1=O
",2.66458,0.8792716164740001,2.6181140609024887,"3-[[(4S)-4-(2-fluorophenyl)-4-methyl-2,5-dioxoimidazolidin-1-yl]methyl]benzonitrile"
"CC(=O)Cn1c(=O)c2c(nc3n(-c4ccc(F)cc4)c(C)cn23)n(C)c1=O
",1.1751200000000002,0.54959987124,2.6127428017548624,"6-(4-fluorophenyl)-4,7-dimethyl-2-(2-oxopropyl)purino[7,8-a]imidazole-1,3-dione"
"O=C(c1ccc(F)cc1)N1CC[NH+](CCCc2ccccc2)CC1
",1.7992,0.8961645721870001,2.934917639154853,(4-fluorophenyl)-[4-(3-phenylpropyl)piperazin-4-ium-1-yl]methanone
"O=C(COc1ccccc1F)Nc1c(C(=O)Nc2ccccc2F)oc2ccccc12
",4.9808,0.439975248487,2.0862782930578856,3-[[2-(2-fluorophenoxy)acetyl]amino]-N-(2-fluorophenyl)-1-benzofuran-2-carboxamide
"O=S(=O)(/N=C1/CCCN1)c1cccc(/N=C/c2cc(Cl)ccc2O)c1
",3.2668,0.786543627937,3.082048635959957,"3-[(5-chloro-2-hydroxyphenyl)methylideneamino]-N-(3,4-dihydro-2H-pyrrol-5-yl)benzenesulfonamide"
"CN(Cc1nc2ccccc2c(=O)[nH]1)C(=O)Cc1ccc2c(c1)OCCO2
",1.8954,0.768003500827,2.3351283287019267,"2-(2,3-dihydro-1,4-benzodioxin-6-yl)-N-methyl-N-[(4-oxo-3H-quinazolin-2-yl)methyl]acetamide"
"Cc1nc(Oc2cccnc2)c2c(-c3ccccc3)csc2n1
",4.8540199999999984,0.517613116944,2.244329139489672,"2-methyl-5-phenyl-4-pyridin-3-yloxythieno[2,3-d]pyrimidine"
"CC(=O)OCC1(COC(C)=O)CC[C@H]2O[C@H]2C1
",1.0503,0.551721844051,3.692107140748632,"[(1S,6R)-3-(acetyloxymethyl)-7-oxabicyclo[4.1.0]heptan-3-yl]methyl acetate"
"O=C(NC[C@@H]1CN(Cc2ccccc2)CCO1)C1=NN(c2ccccc2)C(=O)CC1
",2.1866,0.80057610006,2.7580417889722337,"N-[[(2R)-4-benzylmorpholin-2-yl]methyl]-6-oxo-1-phenyl-4,5-dihydropyridazine-3-carboxamide"
"CNc1nc2ncnc(N(C)C)c2[nH]1
",0.4606,0.738049414575,2.9859480413134403,"6-N,6-N,8-N-trimethyl-7H-purine-6,8-diamine"
"CC(=O)c1cccc(NC(=O)[C@@H](C)n2c(=O)cc(C)c3c(C)nn(-c4ccccc4)c32)c1
",4.20634,0.463598166003,2.829022635268624,"(2R)-N-(3-acetylphenyl)-2-(3,4-dimethyl-6-oxo-1-phenylpyrazolo[5,4-b]pyridin-7-yl)propanamide"
"COc1ccccc1N[C@H](C)C(=O)NC(C)(C)C
",2.4103,0.862608893271,2.29827234306512,(2R)-N-tert-butyl-2-(2-methoxyanilino)propanamide
"Cc1csc(=O)n1CC(=O)N1CCc2sccc2[C@@H]1c1ccccc1
",3.45402,0.693498476638,2.864533153249848,"4-methyl-3-[2-oxo-2-[(4S)-4-phenyl-6,7-dihydro-4H-thieno[3,2-c]pyridin-5-yl]ethyl]-1,3-thiazol-2-one"
"Cc1ccc(NC(=O)Nc2cc(N3CCC(C)CC3)ncn2)cc1F
",3.80442,0.862004930569,2.217586447444249,1-(3-fluoro-4-methylphenyl)-3-[6-(4-methylpiperidin-1-yl)pyrimidin-4-yl]urea
"O=C(CCCn1nc(-c2ccccc2)c2cc(Cl)ccc21)NC1CC1
",4.4155,0.6823392502169999,2.080214697715105,4-(5-chloro-3-phenylindazol-1-yl)-N-cyclopropylbutanamide
"O=C(C[C@@H]1C=CS(=O)(=O)C1)NN(c1ccccc1)c1ccccc1
",2.8043,0.8433016977,3.0627412260799467,"2-[(3R)-1,1-dioxo-2,3-dihydrothiophen-3-yl]-N',N'-diphenylacetohydrazide"
"Cc1cccc(-c2noc(-c3ccccc3OCC(=O)Nc3ccc([N+](=O)[O-])cc3)n2)c1
",4.63772,0.320060497276,2.1305528795196818,"2-[2-[3-(3-methylphenyl)-1,2,4-oxadiazol-5-yl]phenoxy]-N-(4-nitrophenyl)acetamide"
"CC[C@@H](NC(=O)c1nc2ccccc2c(=O)[nH]1)c1nc(C)c(C)s1
",2.87754,0.757031207864,3.0333746808795263,"N-[(1R)-1-(4,5-dimethyl-1,3-thiazol-2-yl)propyl]-4-oxo-3H-quinazoline-2-carboxamide"
"CC(C)(C)c1ccc(C(=O)C[C@H](C(=O)[O-])[NH+]2CCCC2)cc1
",0.3541,0.816672589275,4.171237197336885,(2R)-4-(4-tert-butylphenyl)-4-oxo-2-pyrrolidin-1-ium-1-ylbutanoate
"COC(=O)c1cncn1C1CC1
",1.0046,0.624223872766,2.4390912117574874,methyl 3-cyclopropylimidazole-4-carboxylate
"Nc1ccc(OCCCN2CCCCCC2=O)cc1
",2.4403,0.654563133278,1.9117974749930475,1-[3-(4-aminophenoxy)propyl]azepan-2-one
"CCCSc1nnc(NC(=O)c2cc(-c3ccc(C)cc3)on2)s1
",4.25592,0.50135324241,2.2887217672007214,"5-(4-methylphenyl)-N-(5-propylsulfanyl-1,3,4-thiadiazol-2-yl)-1,2-oxazole-3-carboxamide"
"COC(=O)c1ccc(NC(=O)c2cc(S(=O)(=O)N3CCCC3)cn2C)cc1
",1.8485,0.789873521209,2.0840982695303296,methyl 4-[(1-methyl-4-pyrrolidin-1-ylsulfonylpyrrole-2-carbonyl)amino]benzoate
"COc1ccccc1CCC(=O)Nc1nc(-c2ccccn2)cs1
",3.785,0.719814553022,1.9874451116823248,"3-(2-methoxyphenyl)-N-(4-pyridin-2-yl-1,3-thiazol-2-yl)propanamide"
"C=CCN1C(=O)S/C(=C\c2ccc(OC(C)C)c(Cl)c2)C1=O
",4.3495,0.566842828461,2.3695595110329117,"(5Z)-5-[(3-chloro-4-propan-2-yloxyphenyl)methylidene]-3-prop-2-enyl-1,3-thiazolidine-2,4-dione"
"CCCn1nnnc1CSc1nnc(-c2ccccc2OC)o1
",2.434,0.609080699916,2.3962325399083912,"2-(2-methoxyphenyl)-5-[(1-propyltetrazol-5-yl)methylsulfanyl]-1,3,4-oxadiazole"
"CC[NH+]1CCN([C@H](C)CNC(=O)c2cc(-c3ccc(C)c(C)c3)on2)CC1
",1.29714,0.8126120464579999,3.805380449761429,"5-(3,4-dimethylphenyl)-N-[(2R)-2-(4-ethylpiperazin-4-ium-1-yl)propyl]-1,2-oxazole-3-carboxamide"
"CN(CC(=O)Nc1ccccc1Cl)C(=O)/C=C/c1cccc(Br)c1
",4.2128,0.724768673603,2.038635789064644,(E)-3-(3-bromophenyl)-N-[2-(2-chloroanilino)-2-oxoethyl]-N-methylprop-2-enamide
"Cc1nnsc1-c1nnc2sc(C(F)(F)F)nn12
",2.03152,0.689443352306,3.218254195222684,"3-(4-methylthiadiazol-5-yl)-6-(trifluoromethyl)-[1,2,4]triazolo[3,4-b][1,3,4]thiadiazole"
"CCN1CCN(C(=O)CCc2ccc(OC)cc2)CC1
",1.7919,0.82765251354,1.6779360383064166,1-(4-ethylpiperazin-1-yl)-3-(4-methoxyphenyl)propan-1-one
"COCCN1C(=O)c2ccccc2N[C@@H]1c1ccccc1Cl
",3.5529,0.915149737959,2.6078176368973254,"(2S)-2-(2-chlorophenyl)-3-(2-methoxyethyl)-1,2-dihydroquinazolin-4-one"
"Cc1ccc(-c2noc(CSc3nc(C4CC4)n(-c4ccccc4)n3)n2)cc1
",4.79542,0.422054123395,2.3305120474769225,"5-[(5-cyclopropyl-1-phenyl-1,2,4-triazol-3-yl)sulfanylmethyl]-3-(4-methylphenyl)-1,2,4-oxadiazole"
"Cc1ccccc1Cn1cccc(C(=O)Nc2ccc(F)cc2)c1=O
",3.59642,0.771559787301,1.847599665212396,N-(4-fluorophenyl)-1-[(2-methylphenyl)methyl]-2-oxopyridine-3-carboxamide
"C[C@H]1Cc2ccccc2N1C(=O)CN1C(=O)N[C@]2(CCCCc3ccccc32)C1=O
",3.1379,0.7729875982459999,3.5623331880099984,"(5S)-3'-[2-[(2S)-2-methyl-2,3-dihydroindol-1-yl]-2-oxoethyl]spiro[6,7,8,9-tetrahydrobenzo[7]annulene-5,5'-imidazolidine]-2',4'-dione"
"Cc1nnc(NCCC(=O)N2C[C@H](C)O[C@@H](C)C2)c(C#N)c1C
",1.4029200000000002,0.911873520795,3.3541648069812786,"3-[[3-[(2S,6S)-2,6-dimethylmorpholin-4-yl]-3-oxopropyl]amino]-5,6-dimethylpyridazine-4-carbonitrile"
"O=C(c1cncc(Br)c1)N1CCN(c2cccc[nH+]2)CC1
",1.6206,0.836037734367,3.1892108335469223,(5-bromo-3-pyridinyl)-(4-pyridin-1-ium-2-ylpiperazin-1-yl)methanone
"COc1ccc(OC)c(-c2csc(=O)[nH]2)c1
",2.1206,0.8925880689799999,2.350173090732948,"4-(2,5-dimethoxyphenyl)-3H-1,3-thiazol-2-one"
"COc1ccc(-c2cc(-c3cc(OC)ccc3OC)n3ncnc3n2)cc1
",3.4841,0.5292911361079999,2.2435626482285524,"7-(2,5-dimethoxyphenyl)-5-(4-methoxyphenyl)-[1,2,4]triazolo[1,5-a]pyrimidine"
"Nc1cccc(C(=O)N2CCCC2)c1
",1.5048,0.688643290519,1.6233682779998304,(3-aminophenyl)-pyrrolidin-1-ylmethanone
"Cc1ccccc1C(=O)N[C@H](C(=O)N1CCC(c2nc3ccccc3s2)CC1)C(C)C
",4.76532,0.600456936726,2.6515426136825955,"N-[(2S)-1-[4-(1,3-benzothiazol-2-yl)piperidin-1-yl]-3-methyl-1-oxobutan-2-yl]-2-methylbenzamide"
"COc1ccc(C(=O)NCCc2ccc(S(N)(=O)=O)cc2)cc1F
",1.4542,0.830265373829,1.805269167626383,3-fluoro-4-methoxy-N-[2-(4-sulfamoylphenyl)ethyl]benzamide
"CCN(CC)C(=O)N1CCC[C@H]1c1nc(-c2ccncc2)n[nH]1
",2.4654,0.939462317753,3.0055896970400457,"(2S)-N,N-diethyl-2-(3-pyridin-4-yl-1H-1,2,4-triazol-5-yl)pyrrolidine-1-carboxamide"
"Cc1ccc(O)c(-n2cc3c(c2-c2cccc(Br)c2)c(=O)n(C)c(=O)n3C)c1
",3.47142,0.507949634762,2.584621930277049,"5-(3-bromophenyl)-6-(2-hydroxy-5-methylphenyl)-1,3-dimethylpyrrolo[3,4-d]pyrimidine-2,4-dione"
"[NH3+]Cc1cccc(-c2nnco2)c1
",0.4785,0.7380059530509999,3.1036413694420246,"[3-(1,3,4-oxadiazol-2-yl)phenyl]methylazanium"
"Cc1ccc(Cl)cc1NC(=O)CSc1nnc(C)n1-c1ccccc1C
",4.57676,0.623203994448,2.011669742361448,"N-(5-chloro-2-methylphenyl)-2-[[5-methyl-4-(2-methylphenyl)-1,2,4-triazol-3-yl]sulfanyl]acetamide"
"Cc1ccccc1CN1CCN(CC(=O)NCc2ccco2)C1=O
",2.14202,0.8870331025020001,2.206864911013429,N-(furan-2-ylmethyl)-2-[3-[(2-methylphenyl)methyl]-2-oxoimidazolidin-1-yl]acetamide
"CCC1(C)COC2(OC1)C(=O)N(CN1CCN(c3ccccc3F)CC1)c1ccccc12
",3.5679,0.7113042355779999,3.2534271878972363,"5-ethyl-1'-[[4-(2-fluorophenyl)piperazin-1-yl]methyl]-5-methylspiro[1,3-dioxane-2,3'-indole]-2'-one"
"O=C(c1cscn1)N1C[C@H]2CCCC[C@H]2C1
",2.4053,0.750073288923,3.1697739769732656,"[(3aS,7aR)-1,3,3a,4,5,6,7,7a-octahydroisoindol-2-yl]-(1,3-thiazol-4-yl)methanone"
"COc1ccc2nc(CC(=O)C(F)(F)F)sc2c1
",2.9788,0.8555293514200001,2.323502396164597,"1,1,1-trifluoro-3-(6-methoxy-1,3-benzothiazol-2-yl)propan-2-one"
"C[C@H](Oc1ccc(F)cc1F)c1ccnc2ncnn12
",2.5425,0.736012595323,2.966073117322942,"7-[(1S)-1-(2,4-difluorophenoxy)ethyl]-[1,2,4]triazolo[1,5-a]pyrimidine"
"Cc1ccc(NC(=O)CCc2ccccc2Cl)nc1
",3.61472,0.901645004648,1.7963438153193891,3-(2-chlorophenyl)-N-(5-methyl-2-pyridinyl)propanamide
"Cc1ccc(NC(=O)C2CCN(C(=O)c3ccccc3Cl)CC2)c(C)c1
",4.4477400000000005,0.829925066198,1.7870073609072854,"1-(2-chlorobenzoyl)-N-(2,4-dimethylphenyl)piperidine-4-carboxamide"
"C[C@@H](NC(=O)c1ccccc1NC(=O)Cn1ccc([N+](=O)[O-])n1)c1ccccc1
",2.9210000000000003,0.468325424133,2.5958599248983703,2-[[2-(3-nitropyrazol-1-yl)acetyl]amino]-N-[(1R)-1-phenylethyl]benzamide
"Cc1cnc(C(=O)N2CCC([C@@H](O)c3ccccc3)CC2)cn1
",2.37082,0.945496778421,2.64445473200508,[4-[(R)-hydroxy(phenyl)methyl]piperidin-1-yl]-(5-methylpyrazin-2-yl)methanone
"O=C(CSc1nnc2ccc(-c3cccnc3)nn12)c1cccc([N+](=O)[O-])c1
",3.0695,0.210144352998,2.412523783978901,"1-(3-nitrophenyl)-2-[(6-pyridin-3-yl-[1,2,4]triazolo[4,3-b]pyridazin-3-yl)sulfanyl]ethanone"
"Cn1c(SCc2ccccc2F)nnc1-c1ccccc1
",3.9135,0.661524358821,1.836448412361552,"3-[(2-fluorophenyl)methylsulfanyl]-4-methyl-5-phenyl-1,2,4-triazole"
"N#Cc1ccc([C@H]2N(Cc3ccccc3)CC[NH+]2Cc2ccccc2)cc1
",3.15778,0.752509179927,3.658610776065247,"4-[(2S)-1,3-dibenzylimidazolidin-1-ium-2-yl]benzonitrile"
"CC(C)n1nnc2cc(S(=O)(=O)N(C)CC(=O)NCc3cccnc3)ccc21
",1.3441,0.6456386960239999,2.425840089041362,2-[methyl-(1-propan-2-ylbenzotriazol-5-yl)sulfonylamino]-N-(pyridin-3-ylmethyl)acetamide
"C[C@@H](NC(=O)NCCc1ccn(-c2ccccc2)n1)c1ccncc1
",2.8702,0.7218824404719999,2.6347469309105427,1-[2-(1-phenylpyrazol-3-yl)ethyl]-3-[(1R)-1-pyridin-4-ylethyl]urea
"Cc1cc(C(=O)NCCCn2nc(C)cc2C)c2c(C)nn(C)c2n1
",2.21858,0.7244826704359999,2.3864164535679464,"N-[3-(3,5-dimethylpyrazol-1-yl)propyl]-1,3,6-trimethylpyrazolo[3,4-b]pyridine-4-carboxamide"
"Cc1nc2ccccc2c(=O)n1NC(=O)c1ccc([N+](=O)[O-])cc1
",1.99702,0.5884601257450001,2.075416960132383,N-(2-methyl-4-oxoquinazolin-3-yl)-4-nitrobenzamide
"Cc1ccc(N[C@@H]2CC(=O)N(c3cccc(O)c3)C2=O)c(C)c1
",2.75304,0.85072470716,2.5761471708162684,"(3R)-3-(2,4-dimethylanilino)-1-(3-hydroxyphenyl)pyrrolidine-2,5-dione"
"COCCN1C(=O)c2ccc(C(=O)N[C@@H](C)c3ccccc3)cc2C1=O
",2.42,0.8103613112549999,2.36245331907638,"2-(2-methoxyethyl)-1,3-dioxo-N-[(1S)-1-phenylethyl]isoindole-5-carboxamide"
"CC(=O)c1sc(NC(=O)c2ccccc2NS(=O)(=O)c2ccc(C)cc2)nc1C
",4.01564,0.555486015859,2.088518575367379,"N-(5-acetyl-4-methyl-1,3-thiazol-2-yl)-2-[(4-methylphenyl)sulfonylamino]benzamide"
"C[C@@H]1CCc2c(sc3nc(CSc4n[nH]c(N)n4)[nH]c(=O)c23)C1
",2.102,0.627263520161,3.2476246620750118,"(7R)-2-[(5-amino-1H-1,2,4-triazol-3-yl)sulfanylmethyl]-7-methyl-5,6,7,8-tetrahydro-3H-[1]benzothiolo[2,3-d]pyrimidin-4-one"
"Cn1c(=O)c2sccc2n2c(C[NH+](C)CCCc3ccccc3)nnc12
",1.2902,0.564368067235,3.755126406536865,"methyl-[(8-methyl-7-oxo-5-thia-1,8,10,11-tetrazatricyclo[7.3.0.02,6]dodeca-2(6),3,9,11-tetraen-12-yl)methyl]-(3-phenylpropyl)azanium"
"Cc1nnnn1CC(=O)N1CC[C@](C)(O)[C@H](C)C1
",-0.3990800000000001,0.8038881481290001,3.5365029403761263,"1-[(3R,4S)-4-hydroxy-3,4-dimethylpiperidin-1-yl]-2-(5-methyltetrazol-1-yl)ethanone"
"COc1ccc(-c2nc(C(=O)N[C@H](C)c3ccc(F)c(F)c3)cs2)cc1
",4.5879,0.679375769452,2.4612939934704805,"N-[(1R)-1-(3,4-difluorophenyl)ethyl]-2-(4-methoxyphenyl)-1,3-thiazole-4-carboxamide"
"CCN(CC)C(=O)c1ccccc1NC(=O)C(Cl)(Cl)Cl
",3.4773,0.836474785229,2.1665062162912925,"N,N-diethyl-2-[(2,2,2-trichloroacetyl)amino]benzamide"
"COc1ccc(C(=O)N2C[C@@H](C(C)C)Nc3ccccc32)nn1
",2.5821,0.940960777161,3.062770181171299,"(6-methoxypyridazin-3-yl)-[(3R)-3-propan-2-yl-3,4-dihydro-2H-quinoxalin-1-yl]methanone"
"COc1ccc(-c2nc(CNC(=O)c3ccccc3Cl)no2)cc1
",3.3286,0.754598504674,1.9127465163646,"2-chloro-N-[[5-(4-methoxyphenyl)-1,2,4-oxadiazol-3-yl]methyl]benzamide"
"C/C=C/C(=O)N1Cc2nn(-c3cccc(C)c3)c(-n3cccc3)c2C1
",3.38972,0.6765694235780001,2.8552743130997205,"(E)-1-[2-(3-methylphenyl)-3-pyrrol-1-yl-4,6-dihydropyrrolo[3,4-c]pyrazol-5-yl]but-2-en-1-one"
"C[NH+](CC(=O)Nc1ccccc1C(F)(F)F)Cc1ccc(Br)cc1
",3.1213,0.7817808950599999,3.372420490293992,(4-bromophenyl)methyl-methyl-[2-oxo-2-[2-(trifluoromethyl)anilino]ethyl]azanium
"CC(C)Cc1nnc(NC(=O)c2ccc(/C=C3/SC(=S)N(C)C3=O)cc2)s1
",3.8199,0.569537121543,2.455319192607252,"4-[(E)-(3-methyl-4-oxo-2-sulfanylidene-1,3-thiazolidin-5-ylidene)methyl]-N-[5-(2-methylpropyl)-1,3,4-thiadiazol-2-yl]benzamide"
"C[C@@H](CNC(=O)Cc1cnn(-c2ccccc2)c1)c1ccccc1
",3.3347,0.74351028933,2.4031996111731133,N-[(2R)-2-phenylpropyl]-2-(1-phenylpyrazol-4-yl)acetamide
"CCNC(=O)[C@H]1O[C@@H](n2cnc3c(N)ncnc32)[C@@H](O)[C@@H]1O
",-1.8362,0.548849189704,3.654957486771812,"(2S,3S,4S,5R)-5-(6-aminopurin-9-yl)-N-ethyl-3,4-dihydroxyoxolane-2-carboxamide"
"CC(C)CN(C)C(=O)c1cc2ccccc2c(Cl)n1
",3.6162,0.781971499339,2.2150794168972983,1-chloro-N-methyl-N-(2-methylpropyl)isoquinoline-3-carboxamide
"COc1ccc(-c2nnc(-c3cc4ccccc4[nH]3)s2)cc1
",4.362,0.585736233718,2.154223238843562,"2-(1H-indol-2-yl)-5-(4-methoxyphenyl)-1,3,4-thiadiazole"
"CCOc1cc2c(cc1CNC(=O)c1ccccc1C)O[C@@H](C)C2
",3.64712,0.888609232506,2.5252557844116392,"N-[[(2S)-5-ethoxy-2-methyl-2,3-dihydro-1-benzofuran-6-yl]methyl]-2-methylbenzamide"
"CSc1ccc(C[NH+](CCO)Cc2ccc(C#CC(C)(C)O)s2)cc1
",2.1698,0.514293231589,4.224887713689409,2-hydroxyethyl-[[5-(3-hydroxy-3-methylbut-1-ynyl)thiophen-2-yl]methyl]-[(4-methylsulfanylphenyl)methyl]azanium
"COc1ccc(/C=N/Nc2ccccc2[N+](=O)[O-])cc1OC
",3.0580000000000003,0.497350500506,1.9526786921743504,"N-[(E)-(3,4-dimethoxyphenyl)methylideneamino]-2-nitroaniline"
"Cc1ccc(-n2nnn(CN(CCC#N)CCC#N)c2=S)cc1C
",2.50199,0.718385656577,2.9048284411886414,"3-[2-cyanoethyl-[[4-(3,4-dimethylphenyl)-5-sulfanylidenetetrazol-1-yl]methyl]amino]propanenitrile"
"CC(C)C(=O)Nc1ccc(N2CCN(C(=O)c3cccc(F)c3)CC2)c(C(=O)N2CCCC2)c1
",3.6186,0.71199159056,2.1823359001153237,N-[4-[4-(3-fluorobenzoyl)piperazin-1-yl]-3-(pyrrolidine-1-carbonyl)phenyl]-2-methylpropanamide
"O=C(/C=C/c1cccnc1)Nc1ccc(C(=O)Nc2nccs2)cc1
",3.4423,0.676008429955,2.1063741023515643,"4-[[(E)-3-pyridin-3-ylprop-2-enoyl]amino]-N-(1,3-thiazol-2-yl)benzamide"
"COC(=O)c1ccc(F)c(NC(=O)c2cc(C)[nH]c2C)c1
",2.80954,0.8482938528120001,2.0861148754928984,"methyl 3-[(2,5-dimethyl-1H-pyrrole-3-carbonyl)amino]-4-fluorobenzoate"
"O=C1c2oc3ccccc3c(=O)c2[C@H](c2ccc(F)cc2)N1C[C@H](O)c1ccccc1
",4.2109,0.520568999019,2.9657111798866658,"(1S)-1-(4-fluorophenyl)-2-[(2R)-2-hydroxy-2-phenylethyl]-1H-chromeno[2,3-c]pyrrole-3,9-dione"
"CCN(C(=O)CN1C(=O)S/C(=C/c2ccccc2)C1=O)[C@@H]1CCS(=O)(=O)C1
",1.7585,0.694769272058,2.897245032757379,"2-[(5E)-5-benzylidene-2,4-dioxo-1,3-thiazolidin-3-yl]-N-[(3R)-1,1-dioxothiolan-3-yl]-N-ethylacetamide"
"O=[N+]([O-])c1cccnc1N1CCC[C@@H](c2nc3ccccc3[nH]2)C1
",3.2501,0.580712282785,2.7673099408434414,2-[(3R)-1-(3-nitro-2-pyridinyl)piperidin-3-yl]-1H-benzimidazole
"CC(C)(C)n1cc(C(=O)NCC2(C(N)=O)CCOCC2)cn1
",0.65,0.868177978128,2.8924618187252182,1-tert-butyl-N-[(4-carbamoyloxan-4-yl)methyl]pyrazole-4-carboxamide
"Cc1cc(C)cc(OCC(=O)Nc2ccc(S(=O)(=O)Nc3ncccn3)cc2)c1
",2.91174,0.612126231529,2.1075067601703807,"2-(3,5-dimethylphenoxy)-N-[4-(pyrimidin-2-ylsulfamoyl)phenyl]acetamide"
"O=C(CSc1ccccn1)N[C@@H](c1ccc(F)cc1)c1cccs1
",4.2801,0.641526919125,2.5721523584258605,N-[(S)-(4-fluorophenyl)-thiophen-2-ylmethyl]-2-pyridin-2-ylsulfanylacetamide
"Fc1ccc(CN2CCNc3ccccc32)cc1
",3.2578,0.855011224733,1.9092340036406816,"4-[(4-fluorophenyl)methyl]-2,3-dihydro-1H-quinoxaline"
"Cc1noc(-c2cc(=O)n(CC(=O)NCc3cccs3)nc2-c2cccs2)c1C
",3.62154,0.495485510895,2.7752658483052848,"2-[4-(3,4-dimethyl-1,2-oxazol-5-yl)-6-oxo-3-thiophen-2-ylpyridazin-1-yl]-N-(thiophen-2-ylmethyl)acetamide"
"C[C@H](NC(=O)CSc1nnc(-c2ccc(Br)cc2)n1C)c1ccccc1
",4.2141,0.5706881756319999,2.41738100113146,"2-[[5-(4-bromophenyl)-4-methyl-1,2,4-triazol-3-yl]sulfanyl]-N-[(1S)-1-phenylethyl]acetamide"
"Cc1cnc(NC(=O)c2ccn(COc3c(Cl)cccc3Cl)n2)s1
",4.24362,0.686704080574,2.482814478198163,"1-[(2,6-dichlorophenoxy)methyl]-N-(5-methyl-1,3-thiazol-2-yl)pyrazole-3-carboxamide"
"Cc1cccn2c(=O)c3cc(C(=O)N4CCN(C)CC4)n(Cc4ccccc4)c3nc12
",2.39352,0.515748966745,2.397091776203954,"6-benzyl-10-methyl-5-(4-methylpiperazine-1-carbonyl)-1,6,8-triazatricyclo[7.4.0.03,7]trideca-3(7),4,8,10,12-pentaen-2-one"
"OCc1cn(-c2ccc3c(c2)OCCO3)nn1
",0.5308,0.8351545556559999,2.363994581840556,"[1-(2,3-dihydro-1,4-benzodioxin-6-yl)triazol-4-yl]methanol"
"O=C(NCCc1ccccc1)c1cccc(-c2ccc(S(=O)(=O)N3CCOCC3)s2)c1
",3.4085,0.579357797389,2.1628560112947053,3-(5-morpholin-4-ylsulfonylthiophen-2-yl)-N-(2-phenylethyl)benzamide
"COc1ccc(/C=C/C(=O)N2CCC[C@H]2c2ccc3c(c2)OCCO3)c(OC)c1
",3.8519,0.697201413654,2.7751701902427826,"(E)-1-[(2S)-2-(2,3-dihydro-1,4-benzodioxin-6-yl)pyrrolidin-1-yl]-3-(2,4-dimethoxyphenyl)prop-2-en-1-one"
"Cc1cc(=O)[nH]c(N/N=C/c2c(Cl)nc3ccccn3c2=O)n1
",1.18562,0.431416374313,2.9245291220862586,"2-chloro-3-[(E)-[(4-methyl-6-oxo-1H-pyrimidin-2-yl)hydrazinylidene]methyl]pyrido[1,2-a]pyrimidin-4-one"
"Cc1noc(C)c1COc1ccc(C(=O)NC[C@@H]2COc3ccccc3O2)cc1
",3.44024,0.6752079538160001,2.6655201902427823,"N-[[(3R)-2,3-dihydro-1,4-benzodioxin-3-yl]methyl]-4-[(3,5-dimethyl-1,2-oxazol-4-yl)methoxy]benzamide"
"Cn1ncc2c1CCC[C@H]2NC(=O)CN1CCCC1=O
",0.5361,0.892936597227,2.934290121371525,"N-[(4R)-1-methyl-4,5,6,7-tetrahydroindazol-4-yl]-2-(2-oxopyrrolidin-1-yl)acetamide"
"COc1ccc(CNc2ncnc3c2cnn3-c2cc(Cl)ccc2C)cc1
",4.39802,0.532765006433,2.175107618642756,"1-(5-chloro-2-methylphenyl)-N-[(4-methoxyphenyl)methyl]pyrazolo[3,4-d]pyrimidin-4-amine"
"N#Cc1cnc(Nc2nc3ccccc3o2)nc1-c1ccc(Cl)cc1
",4.55348,0.558712985143,2.3718902245854943,"2-(1,3-benzoxazol-2-ylamino)-4-(4-chlorophenyl)pyrimidine-5-carbonitrile"
"Cc1cnc2nc(CCCCCl)[nH]c2c1
",2.82782,0.635488987462,2.5382533334729693,"2-(4-chlorobutyl)-6-methyl-1H-imidazo[4,5-b]pyridine"
"COc1ccc(F)cc1[C@H](C)N[C@@H](C(N)=O)c1ccccc1
",2.7115,0.858056741504,2.6933290793584974,(2R)-2-[[(1S)-1-(5-fluoro-2-methoxyphenyl)ethyl]amino]-2-phenylacetamide
"CN(C1CC1)S(=O)(=O)c1ccc(Cl)c([N+](=O)[O-])c1
",2.0311,0.6305005801870001,2.11528678442072,4-chloro-N-cyclopropyl-N-methyl-3-nitrobenzenesulfonamide
"COc1ccccc1/C=C/CN1CCNC(=O)[C@H]1CC(=O)N1CCN(c2cnccn2)CC1
",1.0377,0.6832687875929999,3.119845558625169,(3R)-4-[(E)-3-(2-methoxyphenyl)prop-2-enyl]-3-[2-oxo-2-(4-pyrazin-2-ylpiperazin-1-yl)ethyl]piperazin-2-one
"O=C(CCc1ncc(-c2ccccc2Cl)o1)Nc1nc2ccc(F)cc2s1
",5.3151,0.47446818956,2.2432981511871346,"3-[5-(2-chlorophenyl)-1,3-oxazol-2-yl]-N-(6-fluoro-1,3-benzothiazol-2-yl)propanamide"
"Cc1cc(C)c2nc3c(cc2c1)CN(Cc1cccnc1)/C(=[NH+]/C[C@@H]1CCCO1)S3
",2.97014,0.697846069665,3.8815029777834233,"7,9-dimethyl-N-[[(2S)-oxolan-2-yl]methyl]-3-(pyridin-3-ylmethyl)-4H-[1,3]thiazino[6,5-b]quinolin-3-ium-2-amine"
"CC(=O)c1ccccc1-c1ccc2c(c1)C[C@@H](CNC(=O)C(C)C)O2
",3.6319,0.825750000888,2.6298088125905075,"N-[[(2S)-5-(2-acetylphenyl)-2,3-dihydro-1-benzofuran-2-yl]methyl]-2-methylpropanamide"
"CC(C)(C)OC(=O)N1CC[C@H]([S@@](=O)c2cccc(Cl)c2Cl)C1
",4.1104,0.763539076456,3.523084990188428,"tert-butyl (3S)-3-[(R)-(2,3-dichlorophenyl)sulfinyl]pyrrolidine-1-carboxylate"
"COC(=O)C1=C(C)N(C(C)C)C(=O)/C1=C\c1cc(OC)ccc1OC
",2.7848,0.602762484633,2.427447102996389,"methyl (4Z)-4-[(2,5-dimethoxyphenyl)methylidene]-2-methyl-5-oxo-1-propan-2-ylpyrrole-3-carboxylate"
"COc1ccc(C(=O)CSc2n[nH]c(N)n2)cc1F
",1.5096,0.643536255504,2.2709618607959245,"2-[(5-amino-1H-1,2,4-triazol-3-yl)sulfanyl]-1-(3-fluoro-4-methoxyphenyl)ethanone"
"COc1ccc(-c2cc(CNC(=O)c3ccc([N+](=O)[O-])o3)no2)cc1
",2.7814,0.53611003226,2.2886523196002617,"N-[[5-(4-methoxyphenyl)-1,2-oxazol-3-yl]methyl]-5-nitrofuran-2-carboxamide"
"O=C(Nc1nnc([C@@H]2CCCO2)s1)c1ccc(-c2ccccc2)s1
",4.3704,0.721102748066,2.787027532547516,"N-[5-[(2S)-oxolan-2-yl]-1,3,4-thiadiazol-2-yl]-5-phenylthiophene-2-carboxamide"
"C=CCc1ccccc1OCc1nnc(NC(=O)Nc2ccc(Cl)cc2)s1
",5.143,0.5170233830100001,2.2209472636131693,"1-(4-chlorophenyl)-3-[5-[(2-prop-2-enylphenoxy)methyl]-1,3,4-thiadiazol-2-yl]urea"
"O=C(N[C@@H]1CCSc2ccccc21)C1CCN(S(=O)(=O)c2ccc(Cl)cc2)CC1
",4.093999999999999,0.732762924488,2.6869405596324274,"1-(4-chlorophenyl)sulfonyl-N-[(4R)-3,4-dihydro-2H-thiochromen-4-yl]piperidine-4-carboxamide"
"O=C(c1cnsn1)N1CCOc2ccc([C@H](O)CCc3ccccc3)cc2C1
",3.2391,0.7064055322949999,2.989973279747127,"[7-[(1R)-1-hydroxy-3-phenylpropyl]-3,5-dihydro-2H-1,4-benzoxazepin-4-yl]-(1,2,5-thiadiazol-3-yl)methanone"
"N#CC1=C(N)Oc2[nH]nc(-c3ccc(Cl)cc3)c2[C@@H]1c1ccc([N+](=O)[O-])s1
",3.917980000000001,0.489620472469,3.50147012587479,"(4R)-6-amino-3-(4-chlorophenyl)-4-(5-nitrothiophen-2-yl)-2,4-dihydropyrano[2,3-c]pyrazole-5-carbonitrile"
"CC(C)c1cc(C(=O)NCC#Cc2ccccc2)c2cnn(C(C)C)c2n1
",3.9171,0.69369968441,2.5658840590040146,"N-(3-phenylprop-2-ynyl)-1,6-di(propan-2-yl)pyrazolo[5,4-b]pyridine-4-carboxamide"
"Cc1cc(NC(=O)[C@@]2(C)Sc3ccccc3NC2=O)c2ccccc2n1
",3.98482,0.65205431047,2.861217591568052,"(2R)-2-methyl-N-(2-methylquinolin-4-yl)-3-oxo-4H-1,4-benzothiazine-2-carboxamide"
"CCC(=O)N1CC[NH+](Cc2ccccc2)CC1
",0.3237,0.8173410658239999,3.438118387178076,1-(4-benzylpiperazin-4-ium-1-yl)propan-1-one
"CCCNC(=O)N[C@H]1CC(=O)N(CCc2ccccc2)C1
",1.5392,0.8420177692440001,2.4462828451976826,1-[(3S)-5-oxo-1-(2-phenylethyl)pyrrolidin-3-yl]-3-propylurea
"COc1ccc(-c2cc(C(=O)N3CCC3)c3ccccc3n2)cc1OC
",3.7649,0.699000614025,1.8533014229355944,"azetidin-1-yl-[2-(3,4-dimethoxyphenyl)quinolin-4-yl]methanone"
"C[C@H]1C[C@@H](C)CN(C(=O)c2ccc(NC3CC3)c([N+](=O)[O-])c2)C1
",3.2872,0.6711122094580001,2.8997054663219366,"[4-(cyclopropylamino)-3-nitrophenyl]-[(3R,5S)-3,5-dimethylpiperidin-1-yl]methanone"
"Cc1cc(/C=C2\C(=O)NC(=O)N(c3ccc(Cl)cc3)C2=O)c(C)n1-c1ccncc1
",3.80894,0.499721293127,2.4286993074634657,"(5E)-1-(4-chlorophenyl)-5-[(2,5-dimethyl-1-pyridin-4-ylpyrrol-3-yl)methylidene]-1,3-diazinane-2,4,6-trione"
"COc1ccc(N(C)Cc2nnnn2-c2ccccc2)cc1OC
",2.3159,0.693830255363,2.12007159997664,"3,4-dimethoxy-N-methyl-N-[(1-phenyltetrazol-5-yl)methyl]aniline"
"CCc1cc2c(CSc3nc4ccccc4o3)cc(=O)oc2cc1O
",4.4945,0.411329388755,2.4666416207920268,"4-(1,3-benzoxazol-2-ylsulfanylmethyl)-6-ethyl-7-hydroxychromen-2-one"
"C[C@@H](OC(=O)c1ccc2c(c1N)C(=O)c1ccccc1C2=O)C(=O)Nc1ccc(Cl)cn1
",3.2766,0.354981461024,2.8178336983628327,"[(2R)-1-[(5-chloro-2-pyridinyl)amino]-1-oxopropan-2-yl] 1-amino-9,10-dioxoanthracene-2-carboxylate"
"CC(C)CN1C(=O)CC(=O)N[C@@H]1SCC(=O)Nc1ccccc1C(C)C
",2.7698,0.712307506515,3.165696807403604,"2-[[(2S)-1-(2-methylpropyl)-4,6-dioxo-1,3-diazinan-2-yl]sulfanyl]-N-(2-propan-2-ylphenyl)acetamide"
"COc1cccc(CNn2c(-c3cccc(C)c3)nc3ccccc3c2=O)c1O
",3.82982,0.5273476019810001,2.2850452736991684,3-[(2-hydroxy-3-methoxyphenyl)methylamino]-2-(3-methylphenyl)quinazolin-4-one
"CCOCC(=O)N(C)CCCNC(C)=O
",0.0075,0.627163731762,2.127367349573147,N-(3-acetamidopropyl)-2-ethoxy-N-methylacetamide
"C[C@@H](NC(=O)CCc1cccs1)c1cccc(S(N)(=O)=O)c1
",2.2055,0.848397982454,2.5096571973368853,N-[(1R)-1-(3-sulfamoylphenyl)ethyl]-3-thiophen-2-ylpropanamide
"COc1ccc(CCN2C(=O)[C@@H]3CC(C)=C(C)C[C@H]3C2=O)cc1OC
",2.9777,0.603144062064,3.010837187527613,"(3aR,7aR)-2-[2-(3,4-dimethoxyphenyl)ethyl]-5,6-dimethyl-3a,4,7,7a-tetrahydroisoindole-1,3-dione"
"O=C([C@H]1CCCN(c2nc(Cl)nc3[nH]cnc23)C1)N1CCN(c2ccc(F)cc2)CC1
",2.7106,0.6238304395090001,3.0976006206756024,[(3S)-1-(2-chloro-7H-purin-6-yl)piperidin-3-yl]-[4-(4-fluorophenyl)piperazin-1-yl]methanone
"COc1ccc(NC(=O)[C@H]2C[C@H]2C)c(N2CCN(C(C)=O)CC2)n1
",1.3532,0.910644988107,3.009733562273188,"cis-(1S,2R)-N-[2-(4-acetylpiperazin-1-yl)-6-methoxy-3-pyridinyl]-2-methylcyclopropane-1-carboxamide"
"FC(F)(c1ccccc1)c1ccccn1
",3.2217,0.721751320949,2.1195617413441674,2-[difluoro(phenyl)methyl]pyridine
"Cc1c(C(=O)OCC(=O)N(C)C2(C#N)CCCCC2)oc2ccc(Br)cc12
",4.3454,0.64198596315,2.7214921156841747,[2-[(1-cyanocyclohexyl)-methylamino]-2-oxoethyl] 5-bromo-3-methyl-1-benzofuran-2-carboxylate
"O=c1[nH]c2ccc(-c3csc(NC[C@H]4CCCO4)n3)cc2[nH]1
",2.5706,0.68909415719,2.9118687949700206,"5-[2-[[(2R)-oxolan-2-yl]methylamino]-1,3-thiazol-4-yl]-1,3-dihydrobenzimidazol-2-one"
"O=C(CSc1ccc(Cl)nn1)N1CCc2cc([N+](=O)[O-])ccc21
",2.7196,0.475921374655,2.4609449800744247,"2-(6-chloropyridazin-3-yl)sulfanyl-1-(5-nitro-2,3-dihydroindol-1-yl)ethanone"
"COc1cc(-n2cc(C(=O)Nc3cnn(C)c3)c3ccccc3c2=O)cc(OC)c1OC
",3.0023,0.495983544276,2.405224819319013,"N-(1-methylpyrazol-4-yl)-1-oxo-2-(3,4,5-trimethoxyphenyl)isoquinoline-4-carboxamide"
"C[C@H]([NH2+]C1CC[NH+](C)CC1)c1ccccc1
",-0.0119,0.735541222,4.892716094762672,(1-methylpiperidin-1-ium-4-yl)-[(1S)-1-phenylethyl]azanium
"CCCN(Cc1ccccc1N)c1ccc2nnnn2n1
",1.5181,0.721280758521,2.669728109713379,"N-[(2-aminophenyl)methyl]-N-propyltetrazolo[1,5-b]pyridazin-6-amine"
"COc1ccccc1NC(=O)c1sc(NC(=O)c2ccc(F)cc2)c(C#N)c1C
",4.5805,0.616780605356,2.075700818957124,4-cyano-5-[(4-fluorobenzoyl)amino]-N-(2-methoxyphenyl)-3-methylthiophene-2-carboxamide
"O=C(NN=C1C2CC3CC(C2)CC1C3)[C@H]1C[C@@H]1c1ccccc1
",3.7184,0.825613467704,4.4252043669604335,"trans-(1S,2S)-N-(2-adamantylideneamino)-2-phenylcyclopropane-1-carboxamide"
"Cn1c(=O)c2[nH]c(Nc3ccccc3)nc2n(C)c1=O
",0.7039,0.730887428256,2.2687655206661628,"8-anilino-1,3-dimethyl-7H-purine-2,6-dione"
"CCS(=O)(=O)C[C@H](C)N(C)C(=O)c1ccc(Br)cc1
",2.3443,0.821708132701,2.7230446298284914,4-bromo-N-[(2S)-1-ethylsulfonylpropan-2-yl]-N-methylbenzamide
"Cc1c(C(=O)Nc2cccc(NS(C)(=O)=O)c2)cnn1-c1ccc(Br)cc1
",3.56702,0.60800885297,2.0980847310687896,1-(4-bromophenyl)-N-[3-(methanesulfonamido)phenyl]-5-methylpyrazole-4-carboxamide
"Cn1cc(CCC(=O)N2CCC[C@H](n3cncn3)C2)cn1
",0.8079,0.8480513314920001,3.0121714076188684,"3-(1-methylpyrazol-4-yl)-1-[(3S)-3-(1,2,4-triazol-1-yl)piperidin-1-yl]propan-1-one"
"CC(=O)O[C@@H](C)c1nc2ccc(C(=O)[O-])cc2[nH]1
",0.5505,0.8144885081700001,3.2268698312911783,2-[(1S)-1-acetyloxyethyl]-3H-benzimidazole-5-carboxylate
"O=[N+]([O-])c1ccc(CS(=O)(=O)NC2CCCCCCC2)cc1
",3.1271,0.655935088248,2.0625791884522666,N-cyclooctyl-1-(4-nitrophenyl)methanesulfonamide
"COc1ccc(/C=C2/SC(=O)N(CC(=O)Nc3ccc(F)cc3)C2=O)cc1OC
",3.5179,0.70901292722,2.0398854343417376,"2-[(5E)-5-[(3,4-dimethoxyphenyl)methylidene]-2,4-dioxo-1,3-thiazolidin-3-yl]-N-(4-fluorophenyl)acetamide"
"CC(C)(CNc1c(N)ccc(F)c1F)S(C)(=O)=O
",1.7821,0.8294545031530001,2.8558495397042893,"3,4-difluoro-2-N-(2-methyl-2-methylsulfonylpropyl)benzene-1,2-diamine"
"COc1ccc(Nc2nc3ccc(C)cc3s2)cc1OC
",4.36552,0.744150976047,1.8564113127398616,"N-(3,4-dimethoxyphenyl)-6-methyl-1,3-benzothiazol-2-amine"
"O=C(Nc1cccc(-n2cccn2)c1)[C@H]1CCCN1C(=O)c1ccoc1
",2.7086,0.780827421153,2.7627499692899007,(2R)-1-(furan-3-carbonyl)-N-(3-pyrazol-1-ylphenyl)pyrrolidine-2-carboxamide
"Cc1cccc(-n2ccnc2S[C@H](C)C(=O)N2CCNC2=O)c1C
",2.5215400000000003,0.864380436249,2.9423682514880216,"1-[(2R)-2-[1-(2,3-dimethylphenyl)imidazol-2-yl]sulfanylpropanoyl]imidazolidin-2-one"
"COc1ccccc1NCC(=O)NCc1ccc(C(=O)N2CCCC2)cc1
",2.6595,0.786363656842,1.8333543642048864,2-(2-methoxyanilino)-N-[[4-(pyrrolidine-1-carbonyl)phenyl]methyl]acetamide
"Cc1ccc(NC(=O)[C@H](Cc2ccccc2)NS(=O)(=O)c2cccc3nsnc23)c(C)c1
",3.83644,0.417522887625,2.731475464202868,"(2S)-2-(2,1,3-benzothiadiazol-4-ylsulfonylamino)-N-(2,4-dimethylphenyl)-3-phenylpropanamide"
"CCC1(CC)CN(c2ccccc2C#N)C1
",3.18468,0.761066008238,2.4429942795441377,"2-(3,3-diethylazetidin-1-yl)benzonitrile"
"CC(C)[C@H](C(=O)N(C)CC(=O)Nc1cccc(Cl)c1)N1CCCC1=O
",2.3839,0.8414673684139999,2.7866538546073123,"(2R)-N-[2-(3-chloroanilino)-2-oxoethyl]-N,3-dimethyl-2-(2-oxopyrrolidin-1-yl)butanamide"
"CCNc1cc(C)ccc1C(=O)NCc1ccnc(C)n1
",2.4552400000000003,0.8843419350499999,2.156966175842861,2-(ethylamino)-4-methyl-N-[(2-methylpyrimidin-4-yl)methyl]benzamide
"COc1ccc(-c2nc(COc3cccc(-n4cnnn4)c3)co2)cc1
",2.9049,0.524223758447,2.2919297891639605,"2-(4-methoxyphenyl)-4-[[3-(tetrazol-1-yl)phenoxy]methyl]-1,3-oxazole"
"Nc1cc(-c2cccc([N+](=O)[O-])c2)no1
",1.832,0.599583837696,2.3070737781445767,"3-(3-nitrophenyl)-1,2-oxazol-5-amine"
"CCc1ccc([C@@H]2C[C@H](c3cccc(C)c3)n3nc(N)nc3N2)cc1
",3.87742,0.738424222007,3.488286435019252,"(5S,7R)-5-(4-ethylphenyl)-7-(3-methylphenyl)-4,5,6,7-tetrahydro-[1,2,4]triazolo[1,5-a]pyrimidin-2-amine"
"COc1ccc(C(C)C)cc1S(=O)(=O)N1CC[C@@H](c2cc3nc(C)cc(O)n3n2)C1
",3.05352,0.660517597943,3.239754675483315,"2-[(3R)-1-(2-methoxy-5-propan-2-ylphenyl)sulfonylpyrrolidin-3-yl]-5-methyl-1H-pyrazolo[1,5-a]pyrimidin-7-one"
"CC[C@H]1S/C(=N\N=C\c2ccc(N(C)C)cc2)N(Cc2ccccc2)C1=O
",3.9967,0.5423899983739999,2.898683378411725,"(2Z,5R)-3-benzyl-2-[(E)-[4-(dimethylamino)phenyl]methylidenehydrazinylidene]-5-ethyl-1,3-thiazolidin-4-one"
"O=C(CN1CCN(S(=O)(=O)c2cccc(F)c2)CC1)Nc1ccc(F)cc1
",1.9098,0.844882357369,1.8619729254007744,N-(4-fluorophenyl)-2-[4-(3-fluorophenyl)sulfonylpiperazin-1-yl]acetamide
"O=C(NC[C@H]1CCS(=O)(=O)C1)N(Cc1ccncc1)C1CC1
",1.1903,0.893461494764,2.9371951625974315,"1-cyclopropyl-3-[[(3R)-1,1-dioxothiolan-3-yl]methyl]-1-(pyridin-4-ylmethyl)urea"
"COc1ccc(-c2n[nH]cc2/C=N/NC(=S)NC(C)(C)C)cc1
",2.6818,0.45434580794,2.7820736672046014,1-tert-butyl-3-[(E)-[5-(4-methoxyphenyl)-1H-pyrazol-4-yl]methylideneamino]thiourea
"CCc1ccc2nc(SCC(=O)Nc3ccc(S(=O)(=O)N(C)C)cc3)c(C)cc2c1
",4.08672,0.535913661023,2.254602670365625,N-[4-(dimethylsulfamoyl)phenyl]-2-(6-ethyl-3-methylquinolin-2-yl)sulfanylacetamide
"O=C(CSc1nnc(-c2c[nH]c3ccccc23)o1)N1CCC[C@H](c2nc3ccccc3s2)C1
",5.3259,0.334177297648,3.0222103643551543,"1-[(3S)-3-(1,3-benzothiazol-2-yl)piperidin-1-yl]-2-[[5-(1H-indol-3-yl)-1,3,4-oxadiazol-2-yl]sulfanyl]ethanone"
"Cc1cc(N2CCC(C)CC2)n2nc(-c3cccnc3)nc2n1
",2.73102,0.724658975608,2.4894688200461648,"5-methyl-7-(4-methylpiperidin-1-yl)-2-pyridin-3-yl-[1,2,4]triazolo[1,5-a]pyrimidine"
"Cc1ccc([C@@H](C)[NH2+][C@H](C)CCc2ccco2)cc1
",3.23372,0.833364232942,3.69508606544405,[(2R)-4-(furan-2-yl)butan-2-yl]-[(1R)-1-(4-methylphenyl)ethyl]azanium
"Cc1nccn1-c1cc(CNC(=O)N2CCC[C@H](C)C2)ccn1
",2.51722,0.945464961445,2.8066414452917936,(3S)-3-methyl-N-[[2-(2-methylimidazol-1-yl)-4-pyridinyl]methyl]piperidine-1-carboxamide
"COC(=O)N1CCc2c(sc(NC(=O)c3ccc(OC)cc3)c2C#N)C1
",3.00518,0.8860279226960001,2.2432646844057054,"methyl 3-cyano-2-[(4-methoxybenzoyl)amino]-5,7-dihydro-4H-thieno[2,3-c]pyridine-6-carboxylate"
"O=C(Nc1ccc2c(c1)Cc1ccccc1-2)c1csc(-c2cnccn2)n1
",4.4236,0.488411366333,2.3415196156841738,"N-(9H-fluoren-2-yl)-2-pyrazin-2-yl-1,3-thiazole-4-carboxamide"
"Cn1c(SCc2ccccc2Oc2ccccc2)nnc1[C@@H]1CCS(=O)(=O)C1
",3.8018,0.552924489341,2.8375516412230475,"(3S)-3-[4-methyl-5-[(2-phenoxyphenyl)methylsulfanyl]-1,2,4-triazol-3-yl]thiolane 1,1-dioxide"
"CCOC(=O)c1c(C)nc(N)nc1COc1ccc(OC)cc1
",2.13152,0.818082557823,2.1006373691276803,ethyl 2-amino-4-[(4-methoxyphenoxy)methyl]-6-methylpyrimidine-5-carboxylate
"N#CCOc1ccc2[nH]cc([C@H](C(=O)[O-])[NH+]3CCN([C@@H]4CCS(=O)(=O)C4)CC3)c2c1
",-1.75112,0.5874346581800001,4.625230883164512,"(2R)-2-[5-(cyanomethoxy)-1H-indol-3-yl]-2-[4-[(3R)-1,1-dioxothiolan-3-yl]piperazin-1-ium-1-yl]acetate"
"COc1ccc(NC(=O)[C@@H](C)Oc2ccc(C)cc2)cn1
",2.80462,0.911962103106,2.237709663972128,(2R)-N-(6-methoxy-3-pyridinyl)-2-(4-methylphenoxy)propanamide
"O=C1N[C@](Nc2nc3ccccc3s2)(C(F)(F)F)C(=O)N1C1CCCCC1
",3.8513,0.746131737901,3.204934700773576,"(5R)-5-(1,3-benzothiazol-2-ylamino)-3-cyclohexyl-5-(trifluoromethyl)imidazolidine-2,4-dione"
"Cc1csc(NC(=O)/C=C/c2ccccc2Cl)n1
",3.75682,0.843454655108,2.061893254046213,"(E)-3-(2-chlorophenyl)-N-(4-methyl-1,3-thiazol-2-yl)prop-2-enamide"
"C/C=C/c1ccc(OCC(=O)NC(C)C)c(OC)c1
",2.6317,0.855132014941,1.974601014530436,2-[2-methoxy-4-[(E)-prop-1-enyl]phenoxy]-N-propan-2-ylacetamide
"N=C1NC(=O)/C(=C\c2ccc(OCc3cccc(Cl)c3)cc2)S1
",4.05767,0.792032257457,2.4351034093374704,"(5E)-2-amino-5-[[4-[(3-chlorophenyl)methoxy]phenyl]methylidene]-1,3-thiazol-4-one"
"Cc1nc(NC(=O)[C@H](C)Sc2nnc3cc(C)c4ccccc4n23)sc1C
",4.38356,0.495441781254,2.8845802473322792,"(2S)-N-(4,5-dimethyl-1,3-thiazol-2-yl)-2-[(5-methyl-[1,2,4]triazolo[4,3-a]quinolin-1-yl)sulfanyl]propanamide"
"O=C(c1ccoc1)N1CCN(S(=O)(=O)c2c(Cl)cccc2Cl)CC1
",2.7331,0.805517055696,2.2568243080083885,"[4-(2,6-dichlorophenyl)sulfonylpiperazin-1-yl]-(furan-3-yl)methanone"
"CCOC(=O)C1=C(N)N(c2ccccc2)C2=C(C(=O)CC(C)(C)C2)[C@H]1c1cccs1
",4.7285,0.689531559625,3.023942488272933,"ethyl (4R)-2-amino-7,7-dimethyl-5-oxo-1-phenyl-4-thiophen-2-yl-6,8-dihydro-4H-quinoline-3-carboxylate"
"C=C(Cl)CCc1ccc(OC)c(OC)c1
",3.3889,0.7513948502429999,2.0014145446950984,"4-(3-chlorobut-3-enyl)-1,2-dimethoxybenzene"
"O=C(COc1cccc2c1CCC2=O)Nc1cccc(F)c1
",2.9721,0.934774127498,1.958184895648296,"N-(3-fluorophenyl)-2-[(1-oxo-2,3-dihydroinden-4-yl)oxy]acetamide"
"O=[N+]([O-])c1ccc(N(C[C@@H]2CCCO2)C[C@@H]2CCCO2)c(F)c1
",2.8983,0.5896163244899999,3.2269251466416176,"2-fluoro-4-nitro-N,N-bis[[(2S)-oxolan-2-yl]methyl]aniline"
"C[C@H](C(=O)[O-])N1CCCC[C@H](NC(=O)OC(C)(C)C)C1=O
",0.0306,0.814753966821,3.4340786444496034,(2R)-2-[(3S)-3-[(2-methylpropan-2-yl)oxycarbonylamino]-2-oxoazepan-1-yl]propanoate
"CC(C)(C)c1ccc(C(=O)Nc2ncc(S(=O)(=O)c3ccc([N+](=O)[O-])cc3)s2)cc1
",4.4339,0.438410788166,2.3069383854586403,"4-tert-butyl-N-[5-(4-nitrophenyl)sulfonyl-1,3-thiazol-2-yl]benzamide"
"CCNS(=O)(=O)c1ccc(C(=O)N[C@@H]2CCC[C@H](C)[C@@H]2C)cc1
",2.5393,0.864622543707,2.9318799807466167,"N-[(1R,2S,3S)-2,3-dimethylcyclohexyl]-4-(ethylsulfamoyl)benzamide"
"O=C(Nc1cccc(Br)c1)c1nc(N2CCCCC2)c2oc3ccccc3c2n1
",5.3811,0.438285172957,2.3936048310234885,"N-(3-bromophenyl)-4-piperidin-1-yl-[1]benzofuro[3,2-d]pyrimidine-2-carboxamide"
"O=C(Nc1cc(Cl)nc(Cl)c1)N1CCOCC1
",2.2525,0.8020911412430001,2.240261774148248,"N-(2,6-dichloro-4-pyridinyl)morpholine-4-carboxamide"
"Cc1c(C(=O)NCc2cccnc2-n2cccn2)oc2ccccc12
",3.25192,0.612389176234,2.28889296431152,3-methyl-N-[(2-pyrazol-1-yl-3-pyridinyl)methyl]-1-benzofuran-2-carboxamide
"O=C(Nc1ccc(OCc2ccccc2)cc1)[C@H]1CC(=O)N(c2ccc(F)c(Cl)c2)C1
",5.0497,0.561618224595,2.4148174918942704,(3S)-1-(3-chloro-4-fluorophenyl)-5-oxo-N-(4-phenylmethoxyphenyl)pyrrolidine-3-carboxamide
"Cc1cc(SCc2ccc([N+](=O)[O-])c(NN)c2)n(C)n1
",2.21462,0.380390998621,2.6280651660208068,"[5-[(2,5-dimethylpyrazol-3-yl)sulfanylmethyl]-2-nitrophenyl]hydrazine"
"O=C(/C=C/c1cn(-c2ccccc2)nc1-c1cccs1)N1CCC[C@H](c2nnc3n2CCCCC3)C1
",5.3381,0.336775389691,3.212220640483308,"(E)-3-(1-phenyl-3-thiophen-2-ylpyrazol-4-yl)-1-[(3S)-3-(6,7,8,9-tetrahydro-5H-[1,2,4]triazolo[4,3-a]azepin-3-yl)piperidin-1-yl]prop-2-en-1-one"
"CC[C@H](C)NC(=O)[C@@H](Sc1ncnc2ccsc12)C(C)C
",3.7227,0.631583868196,3.40075129938088,"(2S)-N-[(2S)-butan-2-yl]-3-methyl-2-thieno[3,2-d]pyrimidin-4-ylsulfanylbutanamide"
"COc1ccc(OC)c(CNc2nc(C)c(C(=O)[O-])s2)c1
",1.44432,0.878069581073,2.5246995886019303,"2-[(2,5-dimethoxyphenyl)methylamino]-4-methyl-1,3-thiazole-5-carboxylate"
"O=S(=O)(Cc1cccc(C(F)(F)F)c1)NCc1csc(-c2cccs2)n1
",4.51,0.612816357066,2.4498170553224607,"N-[(2-thiophen-2-yl-1,3-thiazol-4-yl)methyl]-1-[3-(trifluoromethyl)phenyl]methanesulfonamide"
"CCN(CC)c1ncc2c(n1)CC[C@@H](C(=O)NCc1ccccc1)C2
",2.7441,0.875166004446,2.7924504609421543,"(6R)-N-benzyl-2-(diethylamino)-5,6,7,8-tetrahydroquinazoline-6-carboxamide"
"CC1CC[NH+]([C@@H](C)C(=O)Nc2cc(Cl)cc(Cl)c2)CC1
",2.6352,0.880076768187,3.931294111066041,"(2S)-N-(3,5-dichlorophenyl)-2-(4-methylpiperidin-1-ium-1-yl)propanamide"
"O=C(CCN1C(=O)CSc2ccccc21)Nc1cccc(C(F)(F)F)c1
",4.1729,0.8322938370749999,2.1655991417292038,"3-(3-oxo-1,4-benzothiazin-4-yl)-N-[3-(trifluoromethyl)phenyl]propanamide"
"O=C(Nc1ccccc1I)N[C@@H]1CCS(=O)(=O)C1
",1.5998,0.77264267081,2.6833634199881966,"1-[(3R)-1,1-dioxothiolan-3-yl]-3-(2-iodophenyl)urea"
"Cc1noc(C)c1S(=O)(=O)NCC(C)(C)c1ccc2c(c1)OCCO2
",2.31874,0.87447021011,2.569089363266944,"N-[2-(2,3-dihydro-1,4-benzodioxin-6-yl)-2-methylpropyl]-3,5-dimethyl-1,2-oxazole-4-sulfonamide"
"Cc1nn(C)c(NC(=O)[C@@H](C)CCOc2ccccc2)c1C
",3.0806400000000003,0.880941772205,2.652572203642056,"(2S)-2-methyl-4-phenoxy-N-(2,4,5-trimethylpyrazol-3-yl)butanamide"
"O=C(c1ccccc1)N1CCO[C@H](CC2CCCCC2)C1
",3.498,0.832196916494,2.4753769643043837,[(2R)-2-(cyclohexylmethyl)morpholin-4-yl]-phenylmethanone
"CCSC(SCC)=C1C(=O)CC(C)(C)CC1=O
",3.6624,0.562082101763,3.2268327356867097,"2-[bis(ethylsulfanyl)methylidene]-5,5-dimethylcyclohexane-1,3-dione"
"Cc1oc(-c2ccccc2Cl)cc1C(=O)NCCc1ccccn1
",4.275919999999998,0.7231875848620001,2.095341165194032,5-(2-chlorophenyl)-2-methyl-N-(2-pyridin-2-ylethyl)furan-3-carboxamide
"O=C(NC[C@@H](O)c1ccc2c(c1)CCO2)c1cccc2ccccc12
",3.2381,0.758305546759,2.482441135336254,"N-[(2S)-2-(2,3-dihydro-1-benzofuran-5-yl)-2-hydroxyethyl]naphthalene-1-carboxamide"
"COc1ccc(C2=C(O)C(=O)N(Cc3ccc(SC)cc3)[C@@H]2c2ccccc2F)cc1
",5.609,0.499099050297,2.7051366696266523,(2S)-2-(2-fluorophenyl)-4-hydroxy-3-(4-methoxyphenyl)-1-[(4-methylsulfanylphenyl)methyl]-2H-pyrrol-5-one
"Cc1ccc2nc(NC(=O)CCNS(=O)(=O)c3ccc4c(c3)C[C@H](C)N4C(=O)C3CC3)sc2c1
",3.59942,0.504478387703,2.95933015524521,"3-[[(2S)-1-(cyclopropanecarbonyl)-2-methyl-2,3-dihydroindol-5-yl]sulfonylamino]-N-(6-methyl-1,3-benzothiazol-2-yl)propanamide"
"Cc1ccc2oc(C(=O)Nc3ccc(C)c(C)c3)cc(=O)c2c1
",3.97056,0.7520422912420001,1.9425489075892168,"N-(3,4-dimethylphenyl)-6-methyl-4-oxochromene-2-carboxamide"
"CCCCNC(=O)/C(=C\c1cccs1)NC(=O)c1ccc(C)cc1
",3.74372,0.577496302613,2.130857464623503,N-[(E)-3-(butylamino)-3-oxo-1-thiophen-2-ylprop-1-en-2-yl]-4-methylbenzamide
"Cc1ccc(OCCCSc2nccn2C)cc1C
",3.5981400000000003,0.580711912998,2.0780335589091337,"2-[3-(3,4-dimethylphenoxy)propylsulfanyl]-1-methylimidazole"
"Cc1nc(NC(=O)c2ccccc2)sc1Cc1ccc([N+](=O)[O-])cc1
",4.20282,0.528267742523,2.0050499360683,"N-[4-methyl-5-[(4-nitrophenyl)methyl]-1,3-thiazol-2-yl]benzamide"
"CN(CC[C@H]1CCCCO1)C(=O)c1ccc2c(c1)OCO2
",2.4465,0.8543650587630001,2.664923488325046,"N-methyl-N-[2-[(2R)-oxan-2-yl]ethyl]-1,3-benzodioxole-5-carboxamide"
"Cc1cccc(C2(C(=O)Nc3ncccn3)CCC2)c1
",2.8454200000000003,0.923297634538,2.2259716658367825,1-(3-methylphenyl)-N-pyrimidin-2-ylcyclobutane-1-carboxamide
"CC(C)(C)NC(=O)NC1=CC(=O)CCC1
",1.721,0.6973645127060001,2.6966035034193023,1-tert-butyl-3-(3-oxocyclohexen-1-yl)urea
"O=C1Nc2ccccc2[C@@]12Oc1ccccc1[C@H]1CC(c3ccco3)=NN12
",3.6282,0.7034984330859999,3.841966731599991,"(5R,10bR)-2-(furan-2-yl)spiro[1,10b-dihydropyrazolo[1,5-c][1,3]benzoxazine-5,3'-1H-indole]-2'-one"
"CCC1(CC)CCN(C(=O)CS)C1
",1.9549,0.695939515653,3.0062687609978376,"1-(3,3-diethylpyrrolidin-1-yl)-2-sulfanylethanone"
"COc1cccc(-c2nc(S(=O)(=O)c3ccc4c(c3)OCCO4)c(NCc3cccnc3)o2)c1
",3.9613,0.40623434588,2.567947525989449,"4-(2,3-dihydro-1,4-benzodioxin-6-ylsulfonyl)-2-(3-methoxyphenyl)-N-(pyridin-3-ylmethyl)-1,3-oxazol-5-amine"
"CCOC(=O)c1nc(Cn2nc(-c3ccc(C)cc3)ccc2=O)no1
",1.82672,0.657545086563,2.3801441939231207,"ethyl 3-[[3-(4-methylphenyl)-6-oxopyridazin-1-yl]methyl]-1,2,4-oxadiazole-5-carboxylate"
"Cc1ccc(C(=O)CCC(=O)Nc2cc(Cl)c(O)c(Cl)c2)cc1
",4.60902,0.5830836505820001,1.9082606520947127,"N-(3,5-dichloro-4-hydroxyphenyl)-4-(4-methylphenyl)-4-oxobutanamide"
"COCCNC(=O)c1ccc(-n2c(C)nc3ccccc3c2=O)cc1
",2.07032,0.7266939228489999,1.891047335851616,N-(2-methoxyethyl)-4-(2-methyl-4-oxoquinazolin-3-yl)benzamide
"COc1ccc(-c2ccc(/C=C3/C(=N)N4C(=NC3=O)SN=C4SC(C)C)o2)c([N+](=O)[O-])c1
",4.58167,0.276923972692,3.186365891056264,"(6Z)-5-imino-6-[[5-(4-methoxy-2-nitrophenyl)furan-2-yl]methylidene]-3-propan-2-ylsulfanyl-[1,2,4]thiadiazolo[4,5-a]pyrimidin-7-one"
"Cc1ccccc1C(=O)N1CCN(c2nc3c(S(C)(=O)=O)cccc3s2)CC1
",2.9706200000000003,0.6513514393150001,2.2274906994825265,"(2-methylphenyl)-[4-(4-methylsulfonyl-1,3-benzothiazol-2-yl)piperazin-1-yl]methanone"
"CCCc1nn(C)c(NCCc2ccc(F)cc2C)c1N
",3.05692,0.849435967995,2.429705424145697,"5-N-[2-(4-fluoro-2-methylphenyl)ethyl]-1-methyl-3-propylpyrazole-4,5-diamine"
"Cc1cccc(OCc2nc(C(=O)NC3CC3)cs2)c1C
",3.2311400000000003,0.907806922784,2.0970193701062243,"N-cyclopropyl-2-[(2,3-dimethylphenoxy)methyl]-1,3-thiazole-4-carboxamide"
"O=C(N/N=C/c1cc(Br)c(O)c(Br)c1)[C@H]1COc2ccccc2O1
",3.2073,0.541395971133,2.921101033280417,"(3R)-N-[(E)-(3,5-dibromo-4-hydroxyphenyl)methylideneamino]-2,3-dihydro-1,4-benzodioxine-3-carboxamide"
"Cc1ccc([C@@H]2[C@@H](C(=O)C(C)(C)C)N2S(=O)(=O)c2ccc(C)cc2)cc1
",4.03284,0.735074639725,2.9892123256689067,"2,2-dimethyl-1-[(2S,3R)-3-(4-methylphenyl)-1-(4-methylphenyl)sulfonylaziridin-2-yl]propan-1-one"
"Cc1cc(C)cc(C2(C(=O)OCC(=O)N3CCO[C@@H]4CCCC[C@@H]43)CCC2)c1
",3.43834,0.729735479755,3.3510163316260124,"[2-[(4aS,8aR)-2,3,4a,5,6,7,8,8a-octahydrobenzo[b][1,4]oxazin-4-yl]-2-oxoethyl] 1-(3,5-dimethylphenyl)cyclobutane-1-carboxylate"
"CC(C)(C)OC(=O)N1CCC[C@H](C(N)=S)C1
",1.9196,0.72022381883,2.6766295682457137,tert-butyl (3S)-3-carbamothioylpiperidine-1-carboxylate
"CC(=O)Nc1cccc(NS(=O)(=O)c2cccc(C(=O)[O-])c2)c1
",0.8093,0.8534431086640001,2.2373112015452623,3-[(3-acetamidophenyl)sulfamoyl]benzoate
"NS(=O)(=O)Cc1ccc(NC(=O)Cc2ccc([N+](=O)[O-])cc2)cc1
",1.5645,0.6085614569300001,1.9428390976963108,2-(4-nitrophenyl)-N-[4-(sulfamoylmethyl)phenyl]acetamide
"COc1cccc(-c2nc3ccc(C(=O)N(C)CC[C@@H]4CCCCO4)cc3o2)c1
",4.5346,0.587393007952,2.7918613990339907,"2-(3-methoxyphenyl)-N-methyl-N-[2-[(2S)-oxan-2-yl]ethyl]-1,3-benzoxazole-6-carboxamide"
"CCN(CC)C(=O)CSc1nc2c(cc1C#N)CCCCC2
",3.18268,0.609063945221,2.4851347715788155,"2-[(3-cyano-6,7,8,9-tetrahydro-5H-cyclohepta[b]pyridin-2-yl)sulfanyl]-N,N-diethylacetamide"
"Cc1sc2nc(S[C@H](C(=O)NC3CC3)c3ccc(F)cc3)nc(N)c2c1C
",4.14144,0.4761261417180001,2.931934263526612,"(2S)-2-(4-amino-5,6-dimethylthieno[2,3-d]pyrimidin-2-yl)sulfanyl-N-cyclopropyl-2-(4-fluorophenyl)acetamide"
"CCCn1ccc2cc(NC(=O)[C@H]3CC(=O)N(c4ccc(OC)cc4)C3)ccc21
",4.0515,0.664299416057,2.5939678070837715,(3S)-1-(4-methoxyphenyl)-5-oxo-N-(1-propylindol-5-yl)pyrrolidine-3-carboxamide
"CC(C)NC(=O)N1CCN(Cc2nc3cc(C(=O)N(C)C)ccc3n2C)CC1
",1.5107,0.8727822433560001,2.3243861660412843,"N,N,1-trimethyl-2-[[4-(propan-2-ylcarbamoyl)piperazin-1-yl]methyl]benzimidazole-5-carboxamide"
"N=C1/C(=C\c2ccc(-c3cccc([N+](=O)[O-])c3)o2)C(=O)N=C2SC(c3cccnc3)=NN12
",3.91727,0.353356161774,2.8919513745029617,"(6E)-5-imino-6-[[5-(3-nitrophenyl)furan-2-yl]methylidene]-2-pyridin-3-yl-[1,3,4]thiadiazolo[3,2-a]pyrimidin-7-one"
"O=C1OC(c2ccc([N+](=O)[O-])cc2)=N/C1=C\c1ccc([N+](=O)[O-])cc1
",2.8475,0.362186118777,2.275988159253565,"(4Z)-2-(4-nitrophenyl)-4-[(4-nitrophenyl)methylidene]-1,3-oxazol-5-one"
"O=C(CCN1CCS(=O)(=O)[C@@H]2CCCC[C@@H]21)N1CCCCC1
",1.4306,0.794379250005,3.4793483911942005,"3-[(4aS,8aR)-1,1-dioxo-2,3,4a,5,6,7,8,8a-octahydrobenzo[b][1,4]thiazin-4-yl]-1-piperidin-1-ylpropan-1-one"
"O=C(NCCCn1ccnc1)c1sc2cc(F)ccc2c1Cl
",3.7104,0.701133036969,2.3143299505933523,3-chloro-6-fluoro-N-(3-imidazol-1-ylpropyl)-1-benzothiophene-2-carboxamide
"Cc1noc([C@H](C)NC(=O)c2ccccc2-c2ccc(C(F)(F)F)cc2)n1
",4.554819999999999,0.6942247238779999,2.632905340449687,"N-[(1S)-1-(3-methyl-1,2,4-oxadiazol-5-yl)ethyl]-2-[4-(trifluoromethyl)phenyl]benzamide"
"FC(F)(F)c1ccc(N2CCC([NH2+]Cc3cccc4c3OCCCO4)CC2)nc1
",2.9941,0.8366242078560001,3.2751149215212263,"3,4-dihydro-2H-1,5-benzodioxepin-6-ylmethyl-[1-[5-(trifluoromethyl)-2-pyridinyl]piperidin-4-yl]azanium"
"CC(=O)Nc1cc(NC(=O)c2ccc(Cl)s2)ccc1F
",3.7513,0.880095777133,1.9282201310557736,N-(3-acetamido-4-fluorophenyl)-5-chlorothiophene-2-carboxamide
"C[C@]12CCC(=O)N1[C@@H](C(=O)Oc1ccc(Cl)cc1Br)CS2
",3.4619,0.5606485746159999,3.3706359147654954,"(2-bromo-4-chlorophenyl) (3S,7aS)-7a-methyl-5-oxo-2,3,6,7-tetrahydropyrrolo[2,1-b][1,3]thiazole-3-carboxylate"
"COc1ccc(S(=O)(=O)Nc2ccccc2C(=O)N2CCCC2)cc1C(=O)N1CCOCC1
",2.2044,0.691714627254,2.176839736069152,4-methoxy-3-(morpholine-4-carbonyl)-N-[2-(pyrrolidine-1-carbonyl)phenyl]benzenesulfonamide
"COc1ccc(CNC(=O)c2c(N3CCCC3=O)c3cc(C)ccc3n2C)cc1OC
",3.56072,0.644688048787,2.363681952939265,"N-[(3,4-dimethoxyphenyl)methyl]-1,5-dimethyl-3-(2-oxopyrrolidin-1-yl)indole-2-carboxamide"
"O=C(OCCCn1c(=O)[nH]c2ccccc21)c1ccc(F)cc1Br
",3.4783,0.521744544884,2.1655420800081178,3-(2-oxo-3H-benzimidazol-1-yl)propyl 2-bromo-4-fluorobenzoate
"COc1ccc(-c2ccnc3nc(CCc4ccc(OC)c(OC)c4)nn23)c(F)c1
",3.7414,0.450594963325,2.4263817250458843,"2-[2-(3,4-dimethoxyphenyl)ethyl]-7-(2-fluoro-4-methoxyphenyl)-[1,2,4]triazolo[1,5-a]pyrimidine"
"Cc1ccccc1-n1ccnc1SCC(=O)c1cc(F)ccc1F
",4.43392,0.485297557521,2.1519911750307426,"1-(2,5-difluorophenyl)-2-[1-(2-methylphenyl)imidazol-2-yl]sulfanylethanone"
"Cc1cc(O[C@H](C)C(=O)NCc2ccc(N3CCCC3)cc2)cc(C)c1Cl
",4.64074,0.750960580247,2.5075622311379484,"(2R)-2-(4-chloro-3,5-dimethylphenoxy)-N-[(4-pyrrolidin-1-ylphenyl)methyl]propanamide"
"COc1cccc(/C=C(\C#N)C(=O)Nc2cccc([N+](=O)[O-])c2)c1OC
",3.15768,0.363979334684,2.205998720232893,"(E)-2-cyano-3-(2,3-dimethoxyphenyl)-N-(3-nitrophenyl)prop-2-enamide"
"CC(C)(C)OC(=O)N1CCC[C@H](C(=O)NCc2ccccc2C[NH+]2CCCC2)C1
",2.1286,0.796118401745,3.660274559044712,tert-butyl (3S)-3-[[2-(pyrrolidin-1-ium-1-ylmethyl)phenyl]methylcarbamoyl]piperidine-1-carboxylate
"Cc1cccc(N(Cc2ccccc2)S(=O)(=O)c2ccccc2C#N)c1
",4.2622,0.653452263337,2.026292275326448,N-benzyl-2-cyano-N-(3-methylphenyl)benzenesulfonamide
"Cc1nn([C@H](C)C(=O)NCCc2ccc(S(N)(=O)=O)cc2)c(=O)c2c(C)n(-c3ccccc3)nc12
",1.7663400000000002,0.403897689621,2.9928158648744283,"(2R)-2-(3,7-dimethyl-4-oxo-2-phenylpyrazolo[3,4-d]pyridazin-5-yl)-N-[2-(4-sulfamoylphenyl)ethyl]propanamide"
"Cc1cc(-c2nnc(CN(Cc3ccco3)C3CCCC3)o2)c(C)o1
",4.48424,0.6294658355889999,2.637783796766737,"N-[[5-(2,5-dimethylfuran-3-yl)-1,3,4-oxadiazol-2-yl]methyl]-N-(furan-2-ylmethyl)cyclopentanamine"
"Cc1cc(F)ccc1S(=O)(=O)N[C@@H](Cc1c[nH]c2ccccc12)C(=O)[O-]
",1.25492,0.684891974532,2.9457460219214813,(2S)-2-[(4-fluoro-2-methylphenyl)sulfonylamino]-3-(1H-indol-3-yl)propanoate
"CN(C)S(=O)(=O)c1cccc(CSc2ncccc2N)c1
",2.2064,0.8561961034289999,2.1972547610157243,"3-[(3-amino-2-pyridinyl)sulfanylmethyl]-N,N-dimethylbenzenesulfonamide"
"CC(C)N(CCc1nccs1)C(=O)Cc1cccc(O)c1
",2.8709,0.885713149486,2.414492903352638,"2-(3-hydroxyphenyl)-N-propan-2-yl-N-[2-(1,3-thiazol-2-yl)ethyl]acetamide"
"O=S(=O)(c1ccc2c(c1)[C@H]1C=CC[C@@H]1[C@@H](c1cccnc1)N2)N1CCOCC1
",2.929,0.7994836204469999,3.4966658440998786,"4-[[(3aS,4S,9bS)-4-pyridin-3-yl-3a,4,5,9b-tetrahydro-3H-cyclopenta[c]quinolin-8-yl]sulfonyl]morpholine"
"O=C(NCc1ccc(COCC(F)(F)F)cc1)N1CCN(c2cc[nH+]cc2)CC1
",2.6114,0.795776639889,3.010053244042078,"4-pyridin-1-ium-4-yl-N-[[4-(2,2,2-trifluoroethoxymethyl)phenyl]methyl]piperazine-1-carboxamide"
"CC[C@H](NC(=O)[C@@H]1CC(=O)N(Cc2ccc(C)cc2)C1)c1ccc(C)cc1
",3.91944,0.816337071907,2.7041509380085653,(3R)-1-[(4-methylphenyl)methyl]-N-[(1S)-1-(4-methylphenyl)propyl]-5-oxopyrrolidine-3-carboxamide
"CCOC(=O)c1cnc(-c2cccnc2)nc1Cl
",2.3687,0.628720288018,2.136678774408205,ethyl 4-chloro-2-pyridin-3-ylpyrimidine-5-carboxylate
"Cc1nc(SCc2nnc(-c3ccc(Cl)cc3)o2)c2c3c(sc2n1)CCC3
",5.48412,0.315552932911,2.5209978216238054,"2-(4-chlorophenyl)-5-[(10-methyl-7-thia-9,11-diazatricyclo[6.4.0.02,6]dodeca-1(8),2(6),9,11-tetraen-12-yl)sulfanylmethyl]-1,3,4-oxadiazole"
"N#CC1(NC(=O)CCc2ccco2)CCCCC1
",2.55488,0.885621399584,2.4165603964061173,N-(1-cyanocyclohexyl)-3-(furan-2-yl)propanamide
"O=C(NCCn1nc(-c2cccs2)ccc1=O)c1ccc(I)cc1
",3.0064,0.600845070314,2.2148595598428606,4-iodo-N-[2-(6-oxo-3-thiophen-2-ylpyridazin-1-yl)ethyl]benzamide
"Cc1cc(C(=O)N[C@H](C)c2nc[nH]n2)c(C)n1-c1cccc(Br)c1
",3.4657400000000003,0.7033380397869999,3.2319181940827413,"1-(3-bromophenyl)-2,5-dimethyl-N-[(1R)-1-(1H-1,2,4-triazol-5-yl)ethyl]pyrrole-3-carboxamide"
"O=C(CCc1nc2ccccc2[nH]1)Nc1ncc(Cc2ccc(Cl)cc2)s1
",4.8349,0.4683623063970001,2.2150118430454206,"3-(1H-benzimidazol-2-yl)-N-[5-[(4-chlorophenyl)methyl]-1,3-thiazol-2-yl]propanamide"
"O=C1S/C(=C/c2ccc3c(c2)OCO3)C(=O)N1CN1CCCC1
",2.5049,0.791872836634,2.3445285215387006,"(5E)-5-(1,3-benzodioxol-5-ylmethylidene)-3-(pyrrolidin-1-ylmethyl)-1,3-thiazolidine-2,4-dione"
"COc1ccccc1NC(=O)[C@H]1Cc2ccccc2CN1S(=O)(=O)c1ccc(F)cc1
",3.5886,0.641693277328,2.51007425703924,"(3R)-2-(4-fluorophenyl)sulfonyl-N-(2-methoxyphenyl)-3,4-dihydro-1H-isoquinoline-3-carboxamide"
"C[C@@H]1[C@@H](OC(=O)c2ccc(CNC(N)=O)cc2)C[C@H]2C[C@@H]1C2(C)C
",3.0824,0.822309264421,4.098257764081101,"[(1S,2S,3S,5R)-2,6,6-trimethyl-3-bicyclo[3.1.1]heptanyl] 4-[(carbamoylamino)methyl]benzoate"
"Nc1cc(CSc2ccc(C(F)(F)F)cn2)ccc1O
",3.6805,0.501499652324,2.3436399911956336,2-amino-4-[[5-(trifluoromethyl)-2-pyridinyl]sulfanylmethyl]phenol
"Cc1cc(CSc2nnc(NC3CC3)s2)no1
",2.70112,0.837379480562,2.512262814179646,"N-cyclopropyl-5-[(5-methyl-1,2-oxazol-3-yl)methylsulfanyl]-1,3,4-thiadiazol-2-amine"
"COc1ccc(-n2ncc(C(=O)Nc3c[nH]nc3C)c2C(F)(F)F)nn1
",1.97352,0.7334011158820001,3.0155371817713528,1-(6-methoxypyridazin-3-yl)-N-(5-methyl-1H-pyrazol-4-yl)-5-(trifluoromethyl)pyrazole-4-carboxamide
"Cn1c(=O)n(C)c2cc(Cn3ccnc3[C@@H]3CCOC3)ccc21
",1.6257,0.7447566241240001,3.063428857879206,"1,3-dimethyl-5-[[2-[(3S)-oxolan-3-yl]imidazol-1-yl]methyl]benzimidazol-2-one"
"O=C(NCCN1C(=O)[C@H]2[C@H]3C=C[C@H](CC3)[C@H]2C1=O)N1CCCCC1
",1.3791,0.634014907258,4.222810667699223,"N-[2-[(1R,2S,6R,7S)-3,5-dioxo-4-azatricyclo[5.2.2.02,6]undec-8-en-4-yl]ethyl]piperidine-1-carboxamide"
"COc1ncccc1Cn1ccc(C(=O)C2CC2)c1
",2.5327,0.77079706315,2.510195097370671,cyclopropyl-[1-[(2-methoxy-3-pyridinyl)methyl]pyrrol-3-yl]methanone
"COc1ccc2[nH]c(=O)c([C@H](c3nnnn3C[C@H]3CCCO3)N3CCCc4ccccc43)cc2c1
",3.2444,0.452635854204,3.4212638807506828,"3-[(R)-3,4-dihydro-2H-quinolin-1-yl-[1-[[(2R)-oxolan-2-yl]methyl]tetrazol-5-yl]methyl]-6-methoxy-1H-quinolin-2-one"
"COc1ccc(Nc2cc3nnc(C)n3cn2)cc1
",2.18492,0.779160600821,2.294374258209832,"N-(4-methoxyphenyl)-3-methyl-[1,2,4]triazolo[4,3-c]pyrimidin-7-amine"
"CNc1ccc(/C=C2\CSc3ccc(F)cc3C2=O)cc1[N+](=O)[O-]
",4.1476,0.494606484336,2.6050612770095345,(3Z)-6-fluoro-3-[[4-(methylamino)-3-nitrophenyl]methylidene]thiochromen-4-one
"COc1ccc(CN(C)S(=O)(=O)c2ccc([N+](=O)[O-])cc2)cc1F
",2.5632,0.5861094514199999,1.9878264134574728,N-[(3-fluoro-4-methoxyphenyl)methyl]-N-methyl-4-nitrobenzenesulfonamide
"COc1cccc(NC(=O)[C@H](C)N(c2ccc(Cl)cc2)S(C)(=O)=O)c1
",3.1418,0.82096579094,2.440538696236274,(2S)-2-(4-chloro-N-methylsulfonylanilino)-N-(3-methoxyphenyl)propanamide
"CC(=O)N[C@H]1[C@H](O)[C@@H]2OC(C)(C)OC[C@H]2O[C@@H]1Oc1ccc(C(C)=O)cc1
",1.01,0.763270025389,3.761971560082317,"N-[(4aR,6R,7S,8S,8aS)-6-(4-acetylphenoxy)-8-hydroxy-2,2-dimethyl-4,4a,6,7,8,8a-hexahydropyrano[3,2-d][1,3]dioxin-7-yl]acetamide"
"CCN(CC)C(=O)Nc1ccc(Oc2ccc(F)cc2)nc1
",3.8867,0.881782416885,2.000890106566409,"1,1-diethyl-3-[6-(4-fluorophenoxy)-3-pyridinyl]urea"
"O=S(=O)(NC[C@](O)(c1ccco1)C1CC1)c1cccc(C(F)(F)F)c1
",2.8745,0.807467703641,3.1745762527973587,N-[(2S)-2-cyclopropyl-2-(furan-2-yl)-2-hydroxyethyl]-3-(trifluoromethyl)benzenesulfonamide
"CC(=O)c1ccc(Br)cc1O
",2.3573,0.730379746376,1.9082173124245507,1-(4-bromo-2-hydroxyphenyl)ethanone
"CCOc1cc(/C=C2/C(=O)N(c3cccc(C(=O)[O-])c3)N=C2C)cc(Cl)c1OC
",2.9169,0.6730116402420001,2.7700072292135336,3-[(4E)-4-[(3-chloro-5-ethoxy-4-methoxyphenyl)methylidene]-3-methyl-5-oxopyrazol-1-yl]benzoate
"CC(C)[C@H](NC(=O)[C@@H]1CCOC1)c1nnc2n1CCN(C(=O)C#Cc1ccccc1)CC2
",1.5643,0.743364814472,3.6016277940813564,"(3R)-N-[(1S)-2-methyl-1-[7-(3-phenylprop-2-ynoyl)-5,6,8,9-tetrahydro-[1,2,4]triazolo[4,3-d][1,4]diazepin-3-yl]propyl]oxolane-3-carboxamide"
"CCCn1nccc1C(=O)Nc1cnn(CCc2ccccc2)c1
",2.9846,0.7194839270190001,2.2239196171768327,N-[1-(2-phenylethyl)pyrazol-4-yl]-2-propylpyrazole-3-carboxamide
"O=C([C@H]1CCC(=O)N1S(=O)(=O)c1ccccc1)N1CCCCC1
",1.3788,0.844525896382,2.578178228508577,(5R)-1-(benzenesulfonyl)-5-(piperidine-1-carbonyl)pyrrolidin-2-one
"CCOc1ccccc1-c1noc(CN2CCN(c3ncccn3)CC2)n1
",2.2475,0.658610058434,2.2150661541457133,"3-(2-ethoxyphenyl)-5-[(4-pyrimidin-2-ylpiperazin-1-yl)methyl]-1,2,4-oxadiazole"
"Cc1ccc(S(=O)(=O)N(C)c2ccc(C(=O)N3C[C@@H](C)O[C@H](C)C3)cc2)cc1
",3.06952,0.778938921272,2.8367574537949825,"N-[4-[(2R,6R)-2,6-dimethylmorpholine-4-carbonyl]phenyl]-N,4-dimethylbenzenesulfonamide"
"CC(=O)Nc1ccc(NC(=O)c2sc3nc(-c4cccc([N+](=O)[O-])c4)cn3c2C)cc1
",4.49012,0.338208347101,2.390069220843777,"N-(4-acetamidophenyl)-3-methyl-6-(3-nitrophenyl)imidazo[2,1-b][1,3]thiazole-2-carboxamide"
"Cc1cccc(C)c1NC(=O)CSc1nnc(-c2ccc(Br)cc2)n1N
",3.76904,0.459701270916,2.122924536881996,"2-[[4-amino-5-(4-bromophenyl)-1,2,4-triazol-3-yl]sulfanyl]-N-(2,6-dimethylphenyl)acetamide"
"Cn1c(C(F)(F)F)nn(CCNC(=O)c2cc3ccccc3oc2=O)c1=O
",1.137,0.6912297352660001,2.5543120325240936,"N-[2-[4-methyl-5-oxo-3-(trifluoromethyl)-1,2,4-triazol-1-yl]ethyl]-2-oxochromene-3-carboxamide"
"O=C(CCc1nnc(-c2ccsc2)o1)N1CC=C(c2ccc(F)cc2)CC1
",4.1857,0.636964389801,2.5259964584300363,"1-[4-(4-fluorophenyl)-3,6-dihydro-2H-pyridin-1-yl]-3-(5-thiophen-3-yl-1,3,4-oxadiazol-2-yl)propan-1-one"
"COC(=O)c1ccc(-c2nc3c(n2O)C(=O)CC(C)(C)C3)cc1
",2.7291,0.6772500882100001,2.564265047699108,"methyl 4-(1-hydroxy-5,5-dimethyl-7-oxo-4,6-dihydrobenzimidazol-2-yl)benzoate"
"COc1cc(Br)ccc1S(=O)(=O)NCc1cccnc1
",2.3312,0.893085627368,2.009800410776052,4-bromo-2-methoxy-N-(pyridin-3-ylmethyl)benzenesulfonamide
"CC(=O)Nc1cc(C(=O)Cl)nc2ccc(Cl)cc12
",3.2256,0.847301406871,2.2435196646104387,4-acetamido-6-chloroquinoline-2-carbonyl chloride
"CCc1cc(=O)[nH]c(SCC(=O)OC)n1
",0.5974,0.47258460213,2.5904637004174247,methyl 2-[(4-ethyl-6-oxo-1H-pyrimidin-2-yl)sulfanyl]acetate
"CCCNc1nc2c(-c3cccc(Cl)c3)nnn2c2ccccc12
",4.4198,0.572960137344,2.31929192486914,"3-(3-chlorophenyl)-N-propyltriazolo[1,5-a]quinazolin-5-amine"
"C[C@@H](NC(=O)c1sc2ccccc2c1C[S@@](C)=O)c1ccc2ccccc2c1
",5.424,0.464941384287,3.1133281281206564,3-[[(R)-methylsulfinyl]methyl]-N-[(1R)-1-naphthalen-2-ylethyl]-1-benzothiophene-2-carboxamide
"CCOC(=O)c1ccccc1NC(=O)Cn1ccn2nc(-c3ccc(C)cc3)cc2c1=O
",3.28682,0.465809292261,2.315028352708701,"ethyl 2-[[2-[2-(4-methylphenyl)-4-oxopyrazolo[1,5-a]pyrazin-5-yl]acetyl]amino]benzoate"
"CC(/C=N/NC(=O)c1nnn(-c2nonc2N)c1-c1ccc(C)cc1)=C\c1ccccc1
",3.0270200000000003,0.35167756729,2.7451535484160043,"1-(4-amino-1,2,5-oxadiazol-3-yl)-5-(4-methylphenyl)-N-[(E)-[(E)-2-methyl-3-phenylprop-2-enylidene]amino]triazole-4-carboxamide"
"CCN1C=Cc2ccccc2/C1=C\C1=C/C(=C/c2sc3ccc(C)cc3[n+]2CC)CC(C)(C)C1
",7.9942199999999985,0.3375080195889999,3.5737317664912176,"3-ethyl-2-[[3-[(2-ethylisoquinolin-2-ium-1-yl)methylidene]-5,5-dimethylcyclohexen-1-yl]methylidene]-5-methyl-1,3-benzothiazole"
"COc1cc(/C=N/NC(=O)c2cc(C(C)(C)C)n[nH]2)ccc1O
",2.1853,0.5962148398,2.522401311435372,5-tert-butyl-N-[(E)-(4-hydroxy-3-methoxyphenyl)methylideneamino]-1H-pyrazole-3-carboxamide
"O=C1COc2cc(C(=O)NCCSc3ccc(Cl)cc3)ccc2N1
",3.193,0.623519891422,2.1968756133545657,"N-[2-(4-chlorophenyl)sulfanylethyl]-3-oxo-4H-1,4-benzoxazine-7-carboxamide"
"COc1ccc(-c2nc(C(=O)N[C@H](C)c3cc4ccccc4o3)cs2)cc1OC
",5.0645,0.462863898133,2.6582423205221404,"N-[(1R)-1-(1-benzofuran-2-yl)ethyl]-2-(3,4-dimethoxyphenyl)-1,3-thiazole-4-carboxamide"
"CN(Cc1cnn(-c2ccccc2)n1)C(=O)NCc1ccncc1
",2.0039,0.783343092516,2.368552584209798,1-methyl-1-[(2-phenyltriazol-4-yl)methyl]-3-(pyridin-4-ylmethyl)urea
"C[C@H]([NH3+])c1cc(F)c(Cl)cc1Cl
",2.4354,0.687524815028,3.494388056644814,"[(1S)-1-(2,4-dichloro-5-fluorophenyl)ethyl]azanium"
"O=C(/C=C/c1ccc2c(c1)OCO2)Nc1c(F)c(F)c(F)c(F)c1F
",3.7627,0.38225430384,2.4976833432000536,"(E)-3-(1,3-benzodioxol-5-yl)-N-(2,3,4,5,6-pentafluorophenyl)prop-2-enamide"
"CS(=O)(=O)Nc1cccc(C(=O)Nc2ccc(F)cc2)c1
",2.4495,0.910341063772,1.6237995886019316,N-(4-fluorophenyl)-3-(methanesulfonamido)benzamide
"CC(C)c1noc2ncc(C(=O)Nc3cc(C(N)=O)ccc3N3CCCC3)cc12
",3.2976,0.6754238110330001,2.5116878108270413,"N-(5-carbamoyl-2-pyrrolidin-1-ylphenyl)-3-propan-2-yl-[1,2]oxazolo[5,4-b]pyridine-5-carboxamide"
"O=C1NCc2cc(OCc3ccc(C(F)(F)F)cc3)ccc21
",3.5278,0.919979141492,2.132839486219016,"5-[[4-(trifluoromethyl)phenyl]methoxy]-2,3-dihydroisoindol-1-one"
"COc1ccc(CCNC(=O)N[C@@H]2CCCOc3ccccc32)cc1OC
",3.4594,0.7995762685860001,2.5000456008047163,"1-[2-(3,4-dimethoxyphenyl)ethyl]-3-[(5R)-2,3,4,5-tetrahydro-1-benzoxepin-5-yl]urea"
"Cc1cc(C(=O)N2CCN(CCNC(=O)Nc3ccc(F)cc3)CC2)no1
",1.70162,0.836774949471,2.110957530269589,"1-(4-fluorophenyl)-3-[2-[4-(5-methyl-1,2-oxazole-3-carbonyl)piperazin-1-yl]ethyl]urea"
"Cc1cc([N+](=O)[O-])ccc1OCC(=O)Nc1ccc(C)c([N+](=O)[O-])c1
",3.13734,0.624629804915,2.0090856253169136,2-(2-methyl-4-nitrophenoxy)-N-(4-methyl-3-nitrophenyl)acetamide
"O=C(CCS(=O)(=O)c1ccccn1)Nc1ccc(Cl)cc1F
",2.6766,0.902295383563,2.1279861566823435,N-(4-chloro-2-fluorophenyl)-3-pyridin-2-ylsulfonylpropanamide
"CC(C)[C@@H](NC(=O)NCc1ccccc1)C(=O)N1CCCCCCC1
",3.3031,0.844971000241,2.3211601575835417,1-[(2R)-1-(azocan-1-yl)-3-methyl-1-oxobutan-2-yl]-3-benzylurea
"Cc1cc(C(=O)NC2CCCCC2)ccc1NCC(=O)N1C[C@H](C)O[C@@H](C)C1
",3.10522,0.804104883437,2.949342913904493,"N-cyclohexyl-4-[[2-[(2S,6S)-2,6-dimethylmorpholin-4-yl]-2-oxoethyl]amino]-3-methylbenzamide"
"O=C(CSc1cccc[n+]1[O-])NNC(=O)c1ccc(F)cc1
",1.0124,0.386219708277,2.285095813762439,4-fluoro-N'-[2-(1-oxidopyridin-1-ium-2-yl)sulfanylacetyl]benzohydrazide
"CN(Cc1cnn(C)c1)C(=O)c1cc(F)ccc1O
",1.537,0.921915298055,2.1777906595008503,5-fluoro-2-hydroxy-N-methyl-N-[(1-methylpyrazol-4-yl)methyl]benzamide
"Cc1cc(NC(=O)[C@@H]2CCCN(c3nc4ccccc4s3)C2)ccc1N(C)C
",4.52582,0.6755308362899999,2.6619036925050974,"(3R)-1-(1,3-benzothiazol-2-yl)-N-[4-(dimethylamino)-3-methylphenyl]piperidine-3-carboxamide"
"Cc1ccc(-n2nc(C(=O)NC[C@@H]3CCCO3)c(=O)n(Cc3ccccc3F)c2=O)cc1
",1.79882,0.637837929423,2.7806977803482624,"4-[(2-fluorophenyl)methyl]-2-(4-methylphenyl)-3,5-dioxo-N-[[(2S)-oxolan-2-yl]methyl]-1,2,4-triazine-6-carboxamide"
"C[C@H](NC(=O)c1ccc(C(C)(C)C)cc1)C(=O)N[C@@H](C(=O)[O-])[C@H](C)O
",-0.2821,0.6751103657340001,3.279245307009444,"(2R,3S)-2-[[(2S)-2-[(4-tert-butylbenzoyl)amino]propanoyl]amino]-3-hydroxybutanoate"
"Nc1cc(C(=O)OCc2nc(-c3ccc(Cl)cc3)no2)ccc1Cl
",3.9826,0.536768528936,2.060657464623503,"[3-(4-chlorophenyl)-1,2,4-oxadiazol-5-yl]methyl 3-amino-4-chlorobenzoate"
"COC(=O)c1ccc(C(=O)O[C@H](C)C(=O)Nc2c(C)cc(C)cc2C)cc1
",3.58246,0.794737293488,2.3362351444539016,"1-O-methyl 4-O-[(2R)-1-oxo-1-(2,4,6-trimethylanilino)propan-2-yl] benzene-1,4-dicarboxylate"
"Cc1cn(CC(=O)Nc2cccc(-c3ccc(=O)[nH]n3)c2)c2ccccc12
",3.33872,0.5763509270530001,2.207246671897192,2-(3-methylindol-1-yl)-N-[3-(6-oxo-1H-pyridazin-3-yl)phenyl]acetamide
"CCOc1cccc([C@@H](C[NH3+])N2CCN(c3ccccc3)CC2)c1
",2.1905,0.88748981829,2.789568622162124,[(2S)-2-(3-ethoxyphenyl)-2-(4-phenylpiperazin-1-yl)ethyl]azanium
"CCn1cc(CNC(=O)c2c(N)cnn2CC)cn1
",0.6316,0.841731642015,2.504167666311165,4-amino-1-ethyl-N-[(1-ethylpyrazol-4-yl)methyl]pyrazole-5-carboxamide
"COc1ccnc(N2CC[C@]3(CCCN(C4CCOCC4)C3=O)C2)n1
",1.4831,0.8339612196770001,3.651471708889965,"(5R)-2-(4-methoxypyrimidin-2-yl)-7-(oxan-4-yl)-2,7-diazaspiro[4.5]decan-6-one"
"O=S(=O)([N-]c1ccccc1OCC(F)(F)F)c1cccc(-n2cnnn2)c1
",2.9975,0.6261812795699999,3.2682957998947013,"[3-(tetrazol-1-yl)phenyl]sulfonyl-[2-(2,2,2-trifluoroethoxy)phenyl]azanide"
"O=S(=O)([O-])c1cc(O)cc2ccc(Br)cc12
",2.212,0.821550889027,2.73805223205674,7-bromo-3-hydroxynaphthalene-1-sulfonate
"COc1ccccc1CN(CCO)C(=O)Nc1ccc(C#N)cc1
",2.59328,0.8523608218500001,2.0051221705058557,3-(4-cyanophenyl)-1-(2-hydroxyethyl)-1-[(2-methoxyphenyl)methyl]urea
"O=C(Nc1cccnc1)c1cc(-c2ccccc2)nc2ccccc12
",4.5491,0.574632410086,1.7657472860726935,2-phenyl-N-pyridin-3-ylquinoline-4-carboxamide
"COc1ccc(C(=O)N2CCN(c3ccc(F)cc3)CC2)cc1F
",2.9358,0.858533636232,1.754468098107667,(3-fluoro-4-methoxyphenyl)-[4-(4-fluorophenyl)piperazin-1-yl]methanone
"Cc1nc2nc(C)c3c(=O)n(-c4cccc(C(F)(F)F)c4)ccc3n2n1
",3.0640400000000003,0.517785176825,2.674229489463661,"4,8-dimethyl-11-[3-(trifluoromethyl)phenyl]-2,3,5,7,11-pentazatricyclo[7.4.0.02,6]trideca-1(9),3,5,7,12-pentaen-10-one"
"Cn1cc(/C=C/C(=O)OCC#Cc2ccccc2)c(=O)n(C)c1=O
",0.6921,0.481480934351,2.5864722988235425,"3-phenylprop-2-ynyl (E)-3-(1,3-dimethyl-2,4-dioxopyrimidin-5-yl)prop-2-enoate"
"COc1ccc(OC)c(NC(=O)CC[NH3+])c1
",0.2743,0.773051392174,2.373713160663017,"[3-(2,5-dimethoxyanilino)-3-oxopropyl]azanium"
"C/C(=N/NC(=O)COc1ccc([N+](=O)[O-])cc1)c1ccc([N+](=O)[O-])cc1
",2.4222,0.458228008977,2.0856275663867367,2-(4-nitrophenoxy)-N-[(Z)-1-(4-nitrophenyl)ethylideneamino]acetamide
"CCOc1ccc(N2C[C@@H](c3nnc(NC(=O)Cc4ccccc4C)o3)CC2=O)cc1
",3.47842,0.614713624619,2.8141903527412886,"N-[5-[(3S)-1-(4-ethoxyphenyl)-5-oxopyrrolidin-3-yl]-1,3,4-oxadiazol-2-yl]-2-(2-methylphenyl)acetamide"
"Cc1nnc(NC(=O)c2cnc3sc4c(n3c2=O)CCC4)s1
",1.6569200000000002,0.776586623657,2.7353101703735696,"N-(5-methyl-1,3,4-thiadiazol-2-yl)-12-oxo-7-thia-1,9-diazatricyclo[6.4.0.02,6]dodeca-2(6),8,10-triene-11-carboxamide"
"O=C1N[C@@H](c2ccccc2)[C@@H](C(=O)c2cccnc2)[C@](O)(C(F)(F)F)N1
",2.1855,0.7296782915800001,3.443072169763916,"(4S,5R,6R)-4-hydroxy-6-phenyl-5-(pyridine-3-carbonyl)-4-(trifluoromethyl)-1,3-diazinan-2-one"
"Cc1c(C)n(Cc2ccccn2)c2[nH+]c3c(c(N)c12)CCCCCC3
",3.75674,0.75239460671,3.3608800823304885,"5,6-dimethyl-4-(pyridin-2-ylmethyl)-4-aza-2-azoniatricyclo[7.6.0.03,7]pentadeca-1(9),2,5,7-tetraen-8-amine"
"Nc1cn[nH]c1NC(=O)Cc1cccc(Br)c1
",1.9356,0.8133904440749999,2.4627204279944035,N-(4-amino-1H-pyrazol-5-yl)-2-(3-bromophenyl)acetamide
"O=C(CCCO)Nc1ccc(F)cc1F
",1.6758,0.8088101174779999,1.7280306797795273,"N-(2,4-difluorophenyl)-4-hydroxybutanamide"
"C[C@@H](NC(=O)[C@@H]1CSCN1C(=O)CC(C)(C)C)c1nc(-c2ccccc2)cs1
",4.325,0.753992429873,3.2856127139194733,"(4R)-3-(3,3-dimethylbutanoyl)-N-[(1R)-1-(4-phenyl-1,3-thiazol-2-yl)ethyl]-1,3-thiazolidine-4-carboxamide"
"C[C@]1(c2ccccc2)NC(=O)N(CC(=O)Nc2ccc(-n3cccn3)nc2)C1=O
",1.673,0.649636212538,2.7641170193173217,"2-[(4R)-4-methyl-2,5-dioxo-4-phenylimidazolidin-1-yl]-N-(6-pyrazol-1-yl-3-pyridinyl)acetamide"
"CCOC(=O)CS[C@H]1CC(=O)N(c2cccc3ccccc23)C1=O
",2.768,0.61342921558,2.664645829660508,"ethyl 2-[(3S)-1-naphthalen-1-yl-2,5-dioxopyrrolidin-3-yl]sulfanylacetate"
"Cc1cc(C)n2c(SCC(=O)N[C@H](C)Cn3c(=O)oc4ccccc43)nnc2n1
",1.94604,0.4850797681620001,3.0988788742417093,"2-[(5,7-dimethyl-[1,2,4]triazolo[4,3-a]pyrimidin-3-yl)sulfanyl]-N-[(2R)-1-(2-oxo-1,3-benzoxazol-3-yl)propan-2-yl]acetamide"
"Cc1ccc(NC(=O)NC(=O)COC(=O)c2ccc(-n3cccc3)cc2)c(C)c1
",3.59924,0.634223931286,2.101179743284828,"[2-[(2,4-dimethylphenyl)carbamoylamino]-2-oxoethyl] 4-pyrrol-1-ylbenzoate"
"O=C(/C=C/c1cc(Cl)c2c(c1)OCCO2)c1ccc(F)cc1F
",4.2855,0.5940843199920001,2.3432398913170296,"(E)-3-(5-chloro-2,3-dihydro-1,4-benzodioxin-7-yl)-1-(2,4-difluorophenyl)prop-2-en-1-one"
"O=C(/C=C/c1ccccc1)N(Cc1cccnc1)C[C@@H]1CCCO1
",3.3026,0.7530669296960001,2.6111852790263868,(E)-N-[[(2S)-oxolan-2-yl]methyl]-3-phenyl-N-(pyridin-3-ylmethyl)prop-2-enamide
"O[C@H](CNc1ncnc2sc3c(c12)CCNC3)c1ccccc1
",2.4825,0.686430850617,2.9388611696850475,"(1S)-1-phenyl-2-(8-thia-4,6,11-triazatricyclo[7.4.0.02,7]trideca-1(9),2,4,6-tetraen-3-ylamino)ethanol"
"C[C@H](c1cccnc1)N(C(=O)NCc1ccc(Cn2cncn2)cc1)C1CC1
",3.1566,0.6776580677799999,2.926495230966637,"1-cyclopropyl-1-[(1R)-1-pyridin-3-ylethyl]-3-[[4-(1,2,4-triazol-1-ylmethyl)phenyl]methyl]urea"
"Cc1c(CN2CCN(c3ccc(N)c[nH+]3)CC2)cnn1C
",0.44702,0.908540192785,3.376059005047555,"6-[4-[(1,5-dimethylpyrazol-4-yl)methyl]piperazin-1-yl]pyridin-1-ium-3-amine"
"O=C(CN[C@H](c1ccc(F)cc1)c1cccs1)NN1C(=O)NC2(CCCCC2)C1=O
",2.8521,0.610494349629,3.4715789223407727,"N-(2,4-dioxo-1,3-diazaspiro[4.5]decan-3-yl)-2-[[(R)-(4-fluorophenyl)-thiophen-2-ylmethyl]amino]acetamide"
"C[C@H]1CN(c2ccc([N+](=O)[O-])c(C(=O)[O-])c2)C[C@H](C)O1
",0.5719,0.6039825752260001,3.4637221480802003,"5-[(2S,6S)-2,6-dimethylmorpholin-4-yl]-2-nitrobenzoate"
"COc1cc(C(=O)NCC(F)(F)F)ccc1OCc1ccc(Cl)cc1
",4.2197,0.7914852033040001,1.8680967211264736,"4-[(4-chlorophenyl)methoxy]-3-methoxy-N-(2,2,2-trifluoroethyl)benzamide"
"O=C(/C=C/c1cccc(F)c1)Nc1cccc2cccnc12
",4.0258,0.714033075086,1.9695031648790648,(E)-3-(3-fluorophenyl)-N-quinolin-8-ylprop-2-enamide
"C[C@H](C(=O)Nc1cccc2ccccc12)[NH+](C)CC(=O)N1CCN(Cc2ccccc2)CC1
",2.0259,0.5880541681629999,3.3802322563864777,[2-(4-benzylpiperazin-1-yl)-2-oxoethyl]-methyl-[(2R)-1-(naphthalen-1-ylamino)-1-oxopropan-2-yl]azanium
"CC(C)(C)n1nc2c(c1NC(=O)C13CC4CC(CC(C4)C1)C3)C[S@@](=O)C2
",3.5553,0.838999858537,4.72537743466914,"N-[(5R)-2-tert-butyl-5-oxo-4,6-dihydrothieno[3,4-c]pyrazol-3-yl]adamantane-1-carboxamide"
"O=C1N=C(N2CCN(Cc3ccccc3)CC2)S/C1=C\c1c[nH]c2ccccc12
",3.956,0.6510306258990001,2.3044536513960026,"2-(4-benzylpiperazin-1-yl)-5-(indol-3-ylidenemethyl)-1,3-thiazol-4-ol"
"Cc1ccc(NC(=O)CSc2nnc3c(Cl)cc(C(F)(F)F)cn23)c(Cl)c1
",5.094119999999998,0.556991229215,2.392405587617647,"N-(2-chloro-4-methylphenyl)-2-[[8-chloro-6-(trifluoromethyl)-[1,2,4]triazolo[4,3-a]pyridin-3-yl]sulfanyl]acetamide"
"COCc1cccc(NC(=O)c2cc(C)nc3c2c(=O)[nH]n3C)c1
",1.96872,0.771112470187,2.3713402666765853,"N-[3-(methoxymethyl)phenyl]-1,6-dimethyl-3-oxo-2H-pyrazolo[3,4-b]pyridine-4-carboxamide"
"Cc1ccc(NC(=O)C[NH+]2CCC(C(=O)NCc3ccccc3)CC2)c(F)c1
",1.68392,0.715498999314,2.983857929278047,N-benzyl-1-[2-(2-fluoro-4-methylanilino)-2-oxoethyl]piperidin-1-ium-4-carboxamide
"c1ccc(Nc2nc(Nc3ccccc3)n3cnnc3n2)cc1
",3.0065,0.596715506935,2.32747555892701,"5-N,7-N-diphenyl-[1,2,4]triazolo[4,3-a][1,3,5]triazine-5,7-diamine"
"CC(=O)Nc1c(-c2cc(C)cc(C)c2)nc2cc(C)ccn12
",3.88496,0.7536356049609999,2.3373899397844866,"N-[2-(3,5-dimethylphenyl)-7-methylimidazo[1,2-a]pyridin-3-yl]acetamide"
"Cc1nc(SCC(=O)N(C)CC(=O)NC2CC2)c2cc(-c3ccccc3)sc2n1
",3.49582,0.451972737908,2.4780382798701943,"N-cyclopropyl-2-[methyl-[2-(2-methyl-6-phenylthieno[2,3-d]pyrimidin-4-yl)sulfanylacetyl]amino]acetamide"
"COc1ccc(CCC(=O)Nc2cc(Cl)ccc2N(C)C)cc1OC
",3.9945,0.7801357870290001,1.9191589284843344,"N-[5-chloro-2-(dimethylamino)phenyl]-3-(3,4-dimethoxyphenyl)propanamide"
"Cc1nn(CCC(=O)N2C[C@H]3CC[C@@H]2CN(S(C)(=O)=O)C3)c(C)c1C
",1.08086,0.80758447278,4.133026384993082,"1-[(1R,5R)-3-methylsulfonyl-3,6-diazabicyclo[3.2.2]nonan-6-yl]-3-(3,4,5-trimethylpyrazol-1-yl)propan-1-one"
"COc1ccc(S(N)(=O)=O)cc1C(=O)O[C@H](C)C(N)=O
",-0.6268,0.7237451737199999,2.456481588204287,[(2R)-1-amino-1-oxopropan-2-yl] 2-methoxy-5-sulfamoylbenzoate
"CC(=O)Nc1cccc(NC(=O)COc2ccc(I)cc2)c1
",3.2671,0.731882125593,1.7583970544572285,N-(3-acetamidophenyl)-2-(4-iodophenoxy)acetamide
"C[C@H]1Oc2ccc(NC(=O)CC(C)(C)C)cc2CN(C2CCCCC2)C1=O
",4.5035,0.812448586843,2.8872979558343026,"N-[(2R)-4-cyclohexyl-2-methyl-3-oxo-5H-1,4-benzoxazepin-7-yl]-3,3-dimethylbutanamide"
"O=C(OCCc1ccccc1)[C@@H](O)c1ccccc1
",2.5059,0.834987383168,2.138734671786533,2-phenylethyl (2S)-2-hydroxy-2-phenylacetate
